# Blender v2.91.2 OBJ File: 'hexes.blend'
# www.blender.org
o hill02_Cylinder.016
v 0.631581 0.028112 -1.268965
v -1.000000 0.000000 1.732051
v -0.616551 0.051033 -1.050356
v -1.434598 0.008108 -0.023442
v 1.550324 0.012903 0.095062
v 1.000000 0.000000 1.732051
v -0.489570 0.025002 1.330077
v 1.000000 0.000000 -1.732051
v 2.000000 0.000000 0.000000
v -2.000000 0.000000 -0.000000
v -1.000000 0.000000 -1.732051
v 0.769091 0.024730 1.341598
v -0.006120 0.013005 0.026518
v -0.269312 0.101243 -0.567022
v 0.662629 0.019267 0.560012
v -0.672680 0.206393 0.762144
v -1.234082 0.020553 0.742147
v -0.702453 0.025816 0.250319
v 0.243100 0.042261 -0.414953
v 0.629527 0.019797 -0.150220
v 0.599586 0.027748 -0.535246
v 0.079675 0.215660 -0.946862
v -0.167144 0.022014 -1.279533
v -1.089644 0.008175 -0.781835
v -0.755324 0.073478 -0.379052
v -0.077937 0.067773 0.885129
v 1.304132 0.016809 0.770544
v 1.156748 0.043493 -0.069051
v 1.119835 0.005205 -0.595506
v -0.828824 0.003478 -1.412209
v -0.354100 0.080637 0.440344
v 0.376424 0.051615 1.197241
v 0.735846 0.134440 1.020902
v 0.200662 0.007907 1.363951
v 1.250000 0.000000 1.299038
v 1.500000 0.000000 0.866026
v 1.750000 0.000000 0.433013
v -1.750000 0.000000 0.433012
v -1.500000 0.000000 0.866025
v -1.250000 0.000000 1.299038
v 1.750000 0.000000 -0.433013
v 1.500000 0.000000 -0.866025
v 1.250000 0.000000 -1.299038
v 0.500000 0.000000 -1.732051
v -0.000000 0.000000 -1.732051
v -0.500000 0.000000 -1.732051
v -1.250000 0.000000 -1.299038
v -1.500000 0.000000 -0.866025
v -1.750000 0.000000 -0.433013
v 0.292387 0.005603 1.386763
v 0.432681 0.005749 1.402727
v 0.596381 0.011019 1.395063
v 1.421373 0.008577 0.548447
v 1.497497 0.006554 0.390251
v 1.543205 0.008165 0.247230
v -1.071805 0.032444 0.961060
v -0.924522 0.034431 1.104872
v -0.753336 0.034053 1.224856
v 0.967178 0.002002 -0.846626
v 0.866542 0.003153 -1.023975
v 0.768203 0.010152 -1.167947
v -0.317821 0.037714 -1.221685
v -0.421404 0.044663 -1.183657
v -0.514942 0.050241 -1.140177
v -1.230759 0.010595 -0.532277
v -1.334259 0.010704 -0.358352
v -1.410663 0.010488 -0.198281
v -0.500000 0.000000 1.732051
v -0.000000 0.000000 1.732051
v 0.500000 0.000000 1.732051
v -0.279524 0.052621 0.361469
v -0.203239 0.033677 0.276261
v -0.123639 0.021241 0.184211
v 0.494087 0.014209 -0.099943
v 0.362411 0.010758 -0.059281
v 0.214689 0.009544 -0.016272
v 0.449212 0.013289 0.446974
v 0.308191 0.010303 0.330092
v 0.175848 0.010397 0.201447
v -0.373959 0.104928 -0.696705
v -0.455713 0.095583 -0.809772
v -0.528777 0.080153 -0.918207
v -0.097649 0.034432 -0.168917
v -0.162880 0.054440 -0.298286
v -0.220050 0.075655 -0.422555
v -0.604707 0.080995 -0.445781
v -0.499077 0.086288 -0.488460
v -0.393210 0.090896 -0.526907
v 0.229431 0.173929 -1.050072
v 0.356556 0.127836 -1.135543
v 0.480363 0.076881 -1.203182
v 0.693550 0.123875 0.945559
v 0.657389 0.097962 0.858347
v 0.644391 0.061085 0.745571
v 0.968941 0.014744 0.452597
v 1.189621 0.013012 0.347679
v 1.381079 0.013218 0.233408
v 0.120470 0.052418 0.825483
v 0.278221 0.044584 0.763616
v 0.438012 0.035209 0.681129
v -0.605122 0.083071 1.163280
v -0.655143 0.136343 1.035367
v -0.676881 0.178892 0.907295
v -1.455400 0.002230 0.160628
v -1.422229 0.001808 0.327934
v -1.353435 0.006863 0.503060
v -0.710457 0.080348 0.406392
v -0.713735 0.133577 0.521580
v -0.707656 0.177218 0.633156
v -0.883568 0.031773 0.375554
v -1.014272 0.031640 0.483452
v -1.130862 0.030630 0.592493
v -0.515896 0.019051 0.159924
v -0.366038 0.015606 0.104743
v -0.218528 0.015564 0.061426
v 0.091401 0.015294 -0.132833
v 0.150114 0.018186 -0.229976
v 0.198397 0.026094 -0.318682
v -0.979741 0.000000 -1.697939
v -0.949430 0.000366 -1.643389
v -0.899015 0.001464 -1.547964
v 0.604151 0.034622 -0.748006
v 0.618971 0.034801 -0.928087
v 0.630484 0.034393 -1.093964
v 0.333542 0.042684 -0.450024
v 0.406009 0.039854 -0.474879
v 0.483572 0.037506 -0.502192
v 0.654542 0.019773 -0.249386
v 0.648553 0.019092 -0.326793
v 0.630219 0.020954 -0.406247
v -0.198337 0.136829 -0.679031
v -0.124112 0.171808 -0.768749
v -0.040559 0.198531 -0.851370
v 0.481538 0.033945 -1.326152
v 0.311025 0.033597 -1.321128
v 0.114600 0.032003 -1.298671
v 0.201575 0.091312 -0.540062
v 0.165962 0.140454 -0.658702
v 0.128303 0.183391 -0.783708
v 0.019359 0.176348 -1.062279
v -0.034205 0.129777 -1.129913
v -0.088772 0.076829 -1.193687
v 1.277851 0.038629 -0.018809
v 1.376505 0.031498 0.014387
v 1.453787 0.022352 0.047412
v -0.756723 0.032725 -1.007211
v -0.854929 0.023255 -0.950634
v -0.951567 0.016306 -0.882179
v -1.270970 0.023419 -0.130394
v -1.121510 0.040028 -0.212142
v -0.955498 0.055973 -0.289344
v -0.882848 0.059232 -0.489537
v -0.957320 0.043475 -0.575031
v -1.022876 0.026228 -0.661127
v -0.379665 0.046919 1.232759
v -0.282866 0.059284 1.145694
v -0.185464 0.068959 1.039881
v 0.472172 0.046431 1.245055
v 0.563500 0.039719 1.286143
v 0.651642 0.033986 1.316570
v -0.537805 0.191460 0.824328
v -0.408933 0.159963 0.864351
v -0.268881 0.116144 0.887693
v 0.929258 0.027772 1.254206
v 1.054052 0.026770 1.133903
v 1.167204 0.025067 0.988707
v 0.874497 0.026954 0.628133
v 1.031600 0.027422 0.665012
v 1.174650 0.026002 0.700580
v 0.774484 0.024998 -0.398296
v 0.916067 0.031346 -0.293040
v 1.042164 0.038319 -0.192441
v 0.779394 0.028228 -0.114103
v 0.909348 0.035851 -0.087494
v 1.026033 0.041018 -0.067527
v 1.528805 0.013280 -0.072923
v 1.437938 0.011704 -0.219043
v 1.310443 0.009449 -0.372620
v 1.186085 0.037231 -0.185124
v 1.175631 0.028227 -0.296004
v 1.148902 0.017187 -0.417717
v 0.740712 0.015874 -0.563725
v 0.851088 0.009926 -0.580610
v 0.966932 0.007467 -0.596328
v 0.643167 0.015935 0.338376
v 0.643447 0.016910 0.170331
v 0.643917 0.018933 0.010612
v 0.523502 0.015071 -0.233671
v 0.436950 0.014844 -0.290403
v 0.347386 0.021429 -0.342897
v 0.111296 0.062326 -0.447671
v -0.005501 0.078137 -0.480099
v -0.124494 0.092704 -0.517560
v -0.812193 0.173779 0.774931
v -0.937407 0.129723 0.777575
v -1.061264 0.076310 0.772123
v -0.562555 0.064343 -0.268504
v -0.398064 0.050154 -0.183165
v -0.231040 0.033230 -0.096691
v -0.926469 0.014121 0.185707
v -1.109320 0.009364 0.127616
v -1.273159 0.008673 0.064174
v -0.790608 0.006955 -1.341915
v -0.750213 0.013871 -1.270670
v -0.695188 0.026272 -1.176076
v -0.899511 0.000000 1.646026
v -0.788732 0.002341 1.554411
v -0.657374 0.009366 1.451615
v -1.907205 0.000000 -0.005496
v -1.794746 0.000795 -0.011118
v -1.642957 0.003179 -0.016996
v 0.930163 0.000000 -1.663390
v 0.851176 0.002756 -1.575560
v 0.753891 0.011024 -1.449390
v 0.848016 0.009698 1.466513
v 0.908896 0.002424 1.569214
v 0.957514 0.000000 1.654889
v 1.729424 0.009319 0.055911
v 1.852265 0.006069 0.030069
v 1.935928 0.002992 0.012873
v -0.666114 0.000000 -1.612413
v -0.476124 0.001584 -1.504135
v -0.313794 0.006338 -1.401517
v -1.085391 -0.000000 -1.384918
v -1.106487 0.000611 -1.167091
v -1.113866 0.002446 -0.974314
v 1.289791 0.006146 0.950131
v 1.231619 0.001536 1.143292
v 1.148088 0.000000 1.366410
v 1.776310 0.000997 0.295848
v 1.631139 0.002288 0.469713
v 1.485970 0.005663 0.622557
v 1.709095 0.000997 -0.256237
v 1.505808 0.001564 -0.394864
v 1.320724 0.002764 -0.508341
v 1.071756 0.000000 -1.338215
v 1.095133 0.000384 -1.081021
v 1.111831 0.001538 -0.846275
v 0.241833 0.175020 -0.862853
v 0.353095 0.128877 -0.773699
v 0.461225 0.077543 -0.673985
v -0.716598 0.026251 0.080164
v -0.732204 0.039246 -0.056717
v -0.747905 0.055221 -0.195339
v 0.574687 0.000000 -1.600897
v 0.307124 0.001976 -1.491359
v 0.070141 0.007903 -1.390723
v -1.296408 0.002842 -0.630152
v -1.487738 0.000711 -0.474657
v -1.696629 -0.000000 -0.297547
v -0.187066 0.007383 1.465070
v 0.135271 0.001846 1.552359
v 0.491382 0.000000 1.633977
v -1.749690 0.000000 0.295947
v -1.586668 0.001434 0.470832
v -1.426824 0.005734 0.617352
v -1.111708 0.000000 1.369677
v -1.176418 0.001890 1.148051
v -1.221886 0.007561 0.948399
v -0.734493 0.070751 -0.577593
v -0.710386 0.063436 -0.733316
v -0.676502 0.055831 -0.880952
v 0.010746 0.021218 0.290530
v 0.000100 0.032629 0.487122
v -0.023056 0.047714 0.673741
v -0.432753 0.101372 -1.037589
v -0.278860 0.148465 -1.017883
v -0.119893 0.187837 -0.989141
v 1.099401 0.038743 0.085805
v 0.994453 0.031047 0.226553
v 0.859648 0.022637 0.365819
v -0.728546 0.003295 -1.421628
v -0.595527 0.004813 -1.389224
v -0.428303 0.010099 -1.337497
v -1.001925 0.005039 -1.040891
v -0.950528 0.003548 -1.211125
v -0.897823 0.003295 -1.338470
v -0.578591 0.191059 0.665130
v -0.503287 0.160714 0.586396
v -0.428572 0.120287 0.513393
v -0.296933 0.084342 0.522784
v -0.237795 0.083442 0.622067
v -0.174321 0.079804 0.732898
v -0.559588 0.044591 0.298089
v -0.477522 0.057293 0.334937
v -0.411661 0.070465 0.380042
v 0.055475 0.056658 1.008210
v 0.168025 0.053298 1.086027
v 0.275025 0.052760 1.146635
v 0.792226 0.063903 1.248124
v 0.786468 0.100414 1.174626
v 0.767247 0.125273 1.098072
v -0.202375 0.014023 1.361469
v -0.021513 0.008940 1.370792
v 0.112690 0.007395 1.369652
v 0.204042 0.011219 1.334229
v 0.234704 0.018789 1.292344
v 0.297922 0.031751 1.245856
v 0.854786 0.123202 0.972683
v 0.983372 0.097085 0.918733
v 1.119057 0.059029 0.859903
v 0.452935 0.079888 1.148978
v 0.534734 0.108120 1.103326
v 0.629100 0.127858 1.062542
v 0.499398 0.016555 -0.365531
v 0.559231 0.014851 -0.289899
v 0.560451 0.015497 -0.352653
v 0.534521 0.020189 -0.422207
v 0.459943 0.021260 -0.409921
v 0.400126 0.022228 -0.384299
v 0.476721 0.014809 -0.333972
v 0.931746 0.000752 -1.245247
v 0.967902 0.000000 -1.418343
v 0.895247 0.001390 -1.392641
v 0.826167 0.005558 -1.298650
v 0.904903 0.001691 -1.147178
v 0.996558 0.001022 -0.994242
v 0.993936 0.000256 -1.189794
v -1.355484 0.000170 -0.833875
v -1.583947 0.000000 -0.540796
v -1.418014 0.000383 -0.662495
v -1.252320 0.001533 -0.812023
v -1.232862 0.000383 -0.992149
v -1.235825 0.000000 -1.150930
v -1.416986 0.000000 -0.847513
v 1.071652 0.004505 1.292176
v 1.056651 0.000000 1.439946
v 1.136441 0.002144 1.244218
v 1.177535 0.008576 1.086920
v 1.071337 0.010136 1.215535
v 0.960769 0.010273 1.341649
v 1.002178 0.002568 1.414772
v 0.014523 0.139631 -0.641623
v 0.106827 0.100953 -0.548560
v 0.082219 0.144264 -0.654320
v 0.035898 0.180859 -0.760035
v -0.042792 0.159802 -0.698629
v -0.098588 0.127025 -0.615249
v 0.004283 0.112312 -0.571664
v -0.690198 0.000930 -1.508497
v -0.787742 0.000000 -1.598213
v -0.806344 0.000329 -1.566399
v -0.775421 0.001318 -1.499331
v -0.642585 0.002094 -1.453309
v -0.491268 0.004713 -1.412512
v -0.617624 0.001178 -1.501925
v 0.962016 0.081540 1.071689
v 0.904484 0.059725 1.186075
v 1.011508 0.056399 1.089578
v 1.092721 0.057391 0.970233
v 0.984668 0.091962 1.000480
v 0.873632 0.115196 1.048430
v 0.886067 0.093183 1.122426
v -0.893164 0.105439 0.596033
v -0.812114 0.158077 0.665271
v -0.812125 0.121819 0.561779
v -0.827595 0.074219 0.464050
v -0.941618 0.070799 0.551033
v -1.029457 0.073220 0.654044
v -0.923167 0.120999 0.674104
v -0.457982 0.127437 1.030484
v -0.485493 0.088816 1.147267
v -0.388750 0.096194 1.085977
v -0.311458 0.106980 0.994832
v -0.436279 0.146807 0.959806
v -0.557366 0.172684 0.930402
v -0.544010 0.135853 1.040932
v -1.004905 0.030728 -0.050067
v -1.189386 0.021461 -0.040197
v -1.055068 0.020409 0.025144
v -0.889581 0.023410 0.066459
v -0.887511 0.035952 -0.055021
v -0.913351 0.048861 -0.175773
v -1.066536 0.036209 -0.120151
v -0.835986 0.043797 -0.756957
v -0.929482 0.029122 -0.766719
v -0.882150 0.044471 -0.678795
v -0.815586 0.058811 -0.614005
v -0.780798 0.052638 -0.749197
v -0.758717 0.043490 -0.881620
v -0.843966 0.034291 -0.840747
v -0.251239 0.113996 -1.106571
v -0.223184 0.078425 -1.165738
v -0.326378 0.081648 -1.136406
v -0.399065 0.090199 -1.096141
v -0.265426 0.132868 -1.070827
v -0.123399 0.164875 -1.053785
v -0.159894 0.125350 -1.111468
v 1.204378 0.026382 0.211702
v 1.354435 0.021269 0.168860
v 1.299051 0.029650 0.127761
v 1.206844 0.035743 0.104989
v 1.109086 0.029093 0.230861
v 1.013127 0.021116 0.351019
v 1.195315 0.020148 0.273924
v 0.489676 0.063335 0.798758
v 0.338501 0.063870 0.869800
v 0.191182 0.061714 0.935653
v 0.528169 0.094433 0.904334
v 0.402910 0.084026 0.960323
v 0.282271 0.069278 1.020261
v 0.577709 0.117576 0.989225
v 0.469748 0.100319 1.036606
v 0.369804 0.076682 1.089531
v -0.481486 0.033173 -0.045010
v -0.559794 0.024724 0.062673
v -0.421420 0.023120 0.023781
v -0.303723 0.025730 -0.026717
v -0.438764 0.040067 -0.105972
v -0.588267 0.051093 -0.167126
v -0.586106 0.036839 -0.051875
v -0.335645 0.025744 0.223272
v -0.460974 0.024121 0.223281
v -0.400008 0.034414 0.267751
v -0.337978 0.044410 0.308339
v -0.269742 0.027541 0.232844
v -0.218563 0.017047 0.149243
v -0.339830 0.017364 0.171983
v 0.447894 0.104516 -0.964872
v 0.522556 0.074413 -1.096872
v 0.413665 0.119769 -1.051279
v 0.312365 0.157358 -0.967628
v 0.403425 0.120096 -0.880888
v 0.502043 0.074537 -0.804501
v 0.524913 0.071872 -0.956045
v 0.209103 0.104083 -1.204697
v 0.077565 0.073154 -1.229804
v 0.100838 0.119825 -1.169641
v 0.155191 0.157417 -1.113570
v 0.278508 0.119497 -1.184317
v 0.383725 0.073999 -1.251173
v 0.245255 0.071009 -1.255247
v 1.356532 0.025810 -0.179032
v 1.278289 0.018130 -0.325676
v 1.283764 0.027807 -0.235479
v 1.293554 0.035311 -0.132744
v 1.386159 0.029542 -0.096792
v 1.456672 0.021269 -0.078832
v 1.389402 0.019401 -0.204863
v -1.145352 0.033294 -0.386470
v -1.002348 0.051122 -0.389285
v -1.059301 0.038888 -0.469917
v -1.131760 0.023851 -0.525559
v -1.226698 0.022613 -0.380460
v -1.278254 0.023136 -0.246277
v -1.144134 0.037937 -0.309462
v 0.426703 0.015167 1.335566
v 0.557025 0.016646 1.351702
v 0.494425 0.022171 1.317860
v 0.404967 0.027399 1.282768
v 0.348430 0.015617 1.318766
v 0.321782 0.008940 1.354560
v 0.438171 0.009583 1.365655
v 0.186506 0.024333 0.534837
v 0.348962 0.020981 0.560078
v 0.238197 0.016309 0.445214
v 0.121388 0.016851 0.346143
v 0.098776 0.026954 0.514253
v 0.094069 0.039821 0.679525
v 0.223770 0.030899 0.640353
v 1.240698 0.009174 0.475747
v 1.026503 0.012908 0.522726
v 1.144226 0.012665 0.563234
v 1.280519 0.011069 0.575949
v 1.358258 0.007040 0.442589
v 1.387066 0.008115 0.326530
v 1.212608 0.008961 0.420908
v 0.841213 0.030400 -0.242510
v 0.753396 0.025491 -0.347132
v 0.756059 0.025256 -0.284239
v 0.769541 0.026996 -0.209741
v 0.883899 0.033936 -0.180624
v 0.977290 0.038011 -0.171692
v 0.877827 0.031833 -0.262925
v 0.979378 0.023660 -0.378583
v 0.832254 0.021078 -0.437609
v 0.951835 0.027805 -0.336015
v 1.070978 0.033960 -0.252367
v 1.065328 0.026198 -0.343391
v 1.026810 0.016301 -0.457437
v 0.918948 0.017066 -0.459259
v 0.776509 0.007495 -0.844568
v 0.728896 0.012816 -1.032111
v 0.708103 0.014035 -0.885116
v 0.705685 0.014290 -0.720941
v 0.804188 0.006173 -0.725003
v 0.897204 0.002898 -0.761889
v 0.817799 0.004158 -0.918893
v 0.434024 0.009807 0.144940
v 0.276097 0.008477 0.106414
v 0.378649 0.008544 0.223192
v 0.504085 0.011045 0.309310
v 0.524305 0.011869 0.162144
v 0.520596 0.013382 0.020533
v 0.398794 0.009878 0.049843
v 0.322438 0.011556 -0.198672
v 0.212684 0.010443 -0.120114
v 0.338339 0.010716 -0.144381
v 0.445908 0.012975 -0.183699
v 0.378433 0.012899 -0.241290
v 0.294036 0.017202 -0.283271
v 0.246870 0.012541 -0.208113
v -0.005939 0.043205 -0.324163
v -0.003050 0.028405 -0.204471
v 0.060447 0.029695 -0.275434
v 0.097199 0.039788 -0.356565
v -0.007468 0.054642 -0.390289
v -0.113512 0.067016 -0.413226
v -0.071183 0.046677 -0.307209
v -0.862078 0.107938 0.975511
v -0.751069 0.077185 1.118590
v -0.774091 0.124603 1.007784
v -0.796992 0.159711 0.891167
v -0.909746 0.122570 0.888132
v -1.007190 0.074895 0.904309
v -0.894652 0.073634 1.027499
v -0.354724 0.067375 -0.317786
v -0.326195 0.079308 -0.415457
v -0.423933 0.078421 -0.389297
v -0.505248 0.073443 -0.341437
v -0.370985 0.060467 -0.258578
v -0.227706 0.046291 -0.194012
v -0.267999 0.062467 -0.304870
v -1.190184 0.004673 0.324566
v -1.227258 0.009116 0.476855
v -1.110371 0.010470 0.399765
v -1.005087 0.010973 0.299762
v -1.158239 0.003717 0.238363
v -1.309110 0.001902 0.193048
v -1.294667 0.001824 0.334563
v -0.208074 0.000520 1.615468
v 0.233889 0.000000 1.659402
v -0.043838 0.001171 1.588023
v -0.344798 0.004683 1.519184
v -0.460690 0.001171 1.589225
v -0.499592 0.000000 1.660363
v -0.116263 0.000000 1.667292
v -0.967747 0.005697 1.285637
v -0.987333 0.000000 1.437716
v -0.890719 0.002951 1.405999
v -0.806303 0.011806 1.327852
v -0.950709 0.012818 1.203945
v -1.086068 0.010976 1.079748
v -1.055928 0.002744 1.244069
v -0.060113 0.000459 -1.561162
v 0.312868 0.000000 -1.623761
v -0.034541 0.000000 -1.633039
v -0.387958 0.000000 -1.626640
v -0.260569 0.001032 -1.528499
v -0.102488 0.004128 -1.444899
v 0.115462 0.001032 -1.524900
v -0.866234 0.011159 -1.155267
v -0.782195 0.021699 -1.121905
v -0.821164 0.012344 -1.215834
v -0.859661 0.006589 -1.279126
v -0.909303 0.006967 -1.173645
v -0.942390 0.009563 -1.029575
v -0.864622 0.015260 -1.067523
v 1.690925 0.004358 0.279069
v 1.807697 0.002742 0.187355
v 1.767013 0.004904 0.167216
v 1.674352 0.006903 0.190650
v 1.616423 0.005381 0.327432
v 1.552782 0.005645 0.468303
v 1.679853 0.003343 0.344833
v 1.461168 0.000516 0.825677
v 1.300390 0.000000 1.143404
v 1.479849 0.000062 0.843050
v 1.652758 0.000249 0.537472
v 1.545580 0.001162 0.655207
v 1.418532 0.003401 0.799493
v 1.355120 0.000850 0.979609
v 1.600787 0.005091 -0.185932
v 1.626270 0.008364 -0.073128
v 1.710772 0.005270 -0.090067
v 1.744020 0.002742 -0.134360
v 1.565446 0.003165 -0.260785
v 1.413542 0.004930 -0.345598
v 1.521510 0.007029 -0.205765
v 1.359114 0.000275 -0.776434
v 1.589080 0.000249 -0.505931
v 1.419139 0.000062 -0.814928
v 1.234433 0.000000 -1.114716
v 1.233395 0.000306 -0.921304
v 1.261417 0.001225 -0.709711
v 1.426704 0.000618 -0.593335
v 0.304671 0.108157 -0.628947
v 0.225246 0.160598 -0.753890
v 0.244392 0.125656 -0.644962
v 0.281060 0.081756 -0.540293
v 0.349156 0.075566 -0.556578
v 0.409736 0.076024 -0.596243
v 0.320974 0.121726 -0.686197
v 0.501531 0.005634 -1.460803
v 0.582646 0.012356 -1.421265
v 0.656196 0.003089 -1.510174
v 0.671337 0.000000 -1.566543
v 0.434382 0.002743 -1.471698
v 0.241171 0.010972 -1.380854
v 0.411655 0.012676 -1.397099
v -1.550061 0.001796 -0.270800
v -1.714952 -0.000000 -0.184532
v -1.658615 0.000941 -0.155456
v -1.547318 0.003763 -0.164023
v -1.454503 0.004040 -0.313065
v -1.367334 0.003706 -0.466137
v -1.531921 0.000926 -0.344451
v 0.596734 0.000000 1.588301
v 0.616218 0.001372 1.528002
v 0.616106 0.005486 1.458709
v 0.261500 0.001529 1.518359
v 0.346775 0.001483 1.482968
v 0.403026 0.002969 1.443128
v -0.022642 0.006117 1.441710
v 0.123804 0.003924 1.430288
v 0.227604 0.003842 1.411989
v -1.627552 0.000481 0.256348
v -1.486590 0.003668 0.450405
v -1.543680 0.001082 0.293492
v -1.594809 0.001404 0.137914
v -1.705396 0.000351 0.138609
v -1.765220 0.000000 0.176412
v -1.624570 0.000917 0.335864
v -1.430369 0.000428 0.832523
v -1.634215 0.000000 0.541835
v -1.462790 0.000000 0.848049
v -1.279408 0.000000 1.148559
v -1.316177 0.000963 0.986938
v -1.367667 0.003854 0.803033
v -1.509686 0.000963 0.661546
v -0.572947 0.080798 -0.685007
v -0.643572 0.078900 -0.574804
v -0.549751 0.085129 -0.598201
v -0.459959 0.091312 -0.640349
v -0.528299 0.083504 -0.745069
v -0.600088 0.070423 -0.830353
v -0.636985 0.073322 -0.709371
v -0.138719 0.045122 0.456204
v -0.081521 0.028020 0.306035
v -0.160003 0.039414 0.365951
v -0.229288 0.057557 0.443568
v -0.176533 0.058454 0.535755
v -0.110523 0.054549 0.619149
v -0.080914 0.038688 0.466940
v -0.292251 0.147670 -0.881612
v -0.418950 0.112461 -0.953394
v -0.368317 0.123234 -0.857218
v -0.291513 0.133461 -0.762726
v -0.217194 0.164360 -0.835968
v -0.155572 0.185076 -0.913987
v -0.288563 0.152413 -0.947968
v 0.858825 0.029677 0.119371
v 0.998307 0.037846 0.055475
v 0.892564 0.033580 0.026707
v 0.771170 0.026470 0.012211
v 0.766410 0.024019 0.150984
v 0.786656 0.023173 0.283996
v 0.912415 0.031047 0.178815
v -0.591397 0.014561 -1.293732
v -0.448358 0.016829 -1.284401
v -0.585336 0.008783 -1.335828
v -0.699293 0.006589 -1.357908
v -0.665169 0.013511 -1.293413
v -0.603681 0.026370 -1.213385
v -0.517971 0.022915 -1.245579
v -0.994604 0.000642 -1.354441
v -1.029653 0.002118 -1.134300
v -0.977640 0.001445 -1.285280
v -0.935788 0.001318 -1.420549
v -0.973427 0.000329 -1.482973
v -1.010610 -0.000000 -1.483347
v -1.030805 0.000530 -1.288790
v -0.383374 0.146380 0.700339
v -0.276283 0.118654 0.778423
v -0.316031 0.118997 0.675524
v -0.370492 0.121661 0.587496
v -0.440520 0.158622 0.652194
v -0.497574 0.184331 0.731365
v -0.392127 0.157896 0.772366
v -0.571323 0.125553 0.473273
v -0.479181 0.108515 0.452267
v -0.536139 0.094414 0.409720
v -0.613268 0.086052 0.391355
v -0.630844 0.133313 0.490607
v -0.621150 0.171184 0.583371
v -0.546893 0.146207 0.521286
v 0.081133 0.012923 1.320473
v 0.111551 0.021612 1.265693
v 0.182561 0.034647 1.206551
v -0.057992 0.016778 1.305310
v -0.019038 0.027006 1.234620
v 0.061945 0.039193 1.159503
v -0.224378 0.025508 1.280755
v -0.155069 0.037892 1.194931
v -0.060863 0.048497 1.099359
v 0.892672 0.081187 0.812543
v 0.817137 0.114637 0.903780
v 0.941945 0.091884 0.855031
v 1.061454 0.057640 0.790452
v 0.946887 0.056303 0.751654
v 0.802331 0.058096 0.733282
v 0.789910 0.092076 0.828416
v 0.634318 0.090676 1.204999
v 0.673146 0.120373 1.133396
v 0.593585 0.102800 1.165159
v 0.530819 0.074859 1.204116
v 0.609574 0.067935 1.245608
v 0.695316 0.065461 1.264123
v 0.698876 0.098460 1.200890
vt 0.658003 0.507549
vt 0.637591 0.512196
vt 0.650102 0.494183
vt 0.661422 0.525484
vt 0.646449 0.516641
vt 0.643476 0.530722
vt 0.626719 0.532427
vt 0.663556 0.479025
vt 0.636321 0.485982
vt 0.649089 0.460179
vt 0.671508 0.496098
vt 0.623740 0.507593
vt 0.690018 0.544102
vt 0.677997 0.515198
vt 0.660603 0.548139
vt 0.610087 0.530113
vt 0.619758 0.554917
vt 0.595943 0.558741
vt 0.639469 0.551188
vt 0.881536 0.686964
vt 0.852979 0.654862
vt 0.859298 0.635637
vt 0.837563 0.679196
vt 0.863176 0.690532
vt 0.835432 0.637436
vt 0.835715 0.594496
vt 0.926229 0.749111
vt 0.893722 0.657359
vt 0.875988 0.734768
vt 0.903102 0.743386
vt 0.867373 0.600466
vt 0.794579 0.697545
vt 0.840901 0.720367
vt 0.809612 0.658275
vt 0.841775 0.549734
vt 0.810942 0.567300
vt 0.810483 0.499007
vt 0.812236 0.615871
vt 0.282341 0.800049
vt 0.307885 0.845006
vt 0.233299 0.798525
vt 0.335351 0.808738
vt 0.317981 0.831167
vt 0.363611 0.849004
vt 0.384868 0.888469
vt 0.178357 0.759220
vt 0.186242 0.800584
vt 0.078051 0.737108
vt 0.243409 0.767054
vt 0.294432 0.864059
vt 0.364555 0.776650
vt 0.302346 0.773066
vt 0.385014 0.825547
vt 0.402622 0.927535
vt 0.446536 0.920635
vt 0.510813 0.991011
vt 0.412518 0.870831
vt 0.547217 0.072086
vt 0.563066 0.106532
vt 0.538838 0.083539
vt 0.569879 0.125477
vt 0.580220 0.111366
vt 0.602888 0.145477
vt 0.538052 0.105179
vt 0.509337 0.008989
vt 0.509047 0.030221
vt 0.575079 0.077742
vt 0.508344 0.054464
vt 0.611486 0.170649
vt 0.640959 0.163766
vt 0.662544 0.206454
vt 0.575668 0.146913
vt 0.611428 0.123014
vt 0.503924 0.123191
vt 0.541715 0.129308
vt 0.506816 0.084732
vt 0.592079 0.625542
vt 0.568246 0.617032
vt 0.584467 0.601425
vt 0.596572 0.652119
vt 0.578192 0.630146
vt 0.554691 0.636568
vt 0.574540 0.647782
vt 0.601873 0.589174
vt 0.574161 0.580186
vt 0.608933 0.617173
vt 0.556309 0.599191
vt 0.630630 0.687391
vt 0.617574 0.646868
vt 0.594267 0.679545
vt 0.517639 0.644066
vt 0.544246 0.660249
vt 0.538907 0.619017
vt 0.568479 0.671000
vt 0.546531 0.942937
vt 0.560720 0.915439
vt 0.577025 0.907161
vt 0.538245 0.919887
vt 0.538705 0.937924
vt 0.566443 0.899468
vt 0.597431 0.876441
vt 0.573884 0.931624
vt 0.511194 0.965796
vt 0.510992 0.981241
vt 0.607625 0.891384
vt 0.511748 0.900944
vt 0.511442 0.939000
vt 0.540044 0.897305
vt 0.634722 0.854316
vt 0.603759 0.853689
vt 0.654391 0.813381
vt 0.570102 0.880265
vt 0.546682 0.148231
vt 0.570386 0.171206
vt 0.553136 0.165757
vt 0.582974 0.186810
vt 0.574814 0.161906
vt 0.602282 0.183111
vt 0.561260 0.185692
vt 0.521471 0.143544
vt 0.531570 0.162301
vt 0.621113 0.207351
vt 0.593817 0.207437
vt 0.544457 0.206393
vt 0.568616 0.206852
vt 0.539077 0.183573
vt 0.309139 0.444949
vt 0.288902 0.469886
vt 0.278957 0.456091
vt 0.306495 0.491407
vt 0.311405 0.467825
vt 0.275993 0.485753
vt 0.249668 0.473345
vt 0.335483 0.407990
vt 0.299947 0.420960
vt 0.337380 0.439799
vt 0.266442 0.435003
vt 0.292855 0.517833
vt 0.336600 0.490142
vt 0.337814 0.523298
vt 0.337553 0.465036
vt 0.231106 0.451086
vt 0.225452 0.499377
vt 0.186555 0.478740
vt 0.258441 0.509648
vt 0.289850 0.305556
vt 0.320515 0.328658
vt 0.304224 0.334867
vt 0.349764 0.322082
vt 0.318902 0.309600
vt 0.339454 0.341976
vt 0.326068 0.360214
vt 0.250149 0.264995
vt 0.263821 0.314247
vt 0.289589 0.275392
vt 0.284320 0.347372
vt 0.376295 0.341031
vt 0.359812 0.299336
vt 0.402843 0.322821
vt 0.362370 0.359712
vt 0.323385 0.285337
vt 0.308108 0.377375
vt 0.350080 0.380881
vt 0.278256 0.612236
vt 0.289983 0.641520
vt 0.256452 0.641759
vt 0.309835 0.583308
vt 0.295909 0.620350
vt 0.328279 0.632832
vt 0.321197 0.606507
vt 0.229946 0.631554
vt 0.248814 0.669242
vt 0.204497 0.669251
vt 0.258459 0.598534
vt 0.288443 0.665828
vt 0.345743 0.559187
vt 0.292859 0.563973
vt 0.354549 0.587544
vt 0.332111 0.659682
vt 0.365712 0.616134
vt 0.385761 0.652952
vt 0.398465 0.753915
vt 0.418940 0.742168
vt 0.428811 0.761735
vt 0.430906 0.735219
vt 0.397205 0.729426
vt 0.403773 0.708816
vt 0.454983 0.763275
vt 0.409184 0.782710
vt 0.363378 0.741890
vt 0.441618 0.788420
vt 0.417599 0.693156
vt 0.371929 0.689939
vt 0.445357 0.725402
vt 0.366431 0.715849
vt 0.473304 0.792615
vt 0.474414 0.755866
vt 0.512644 0.790163
vt 0.621037 0.787431
vt 0.600605 0.770805
vt 0.620413 0.763066
vt 0.588696 0.760332
vt 0.592649 0.788317
vt 0.567430 0.781937
vt 0.613117 0.740246
vt 0.653132 0.780058
vt 0.612428 0.813597
vt 0.648260 0.753639
vt 0.548260 0.767753
vt 0.551262 0.805922
vt 0.574462 0.745632
vt 0.581784 0.811494
vt 0.641929 0.725942
vt 0.599894 0.720713
vt 0.762323 0.328562
vt 0.724042 0.345411
vt 0.721161 0.327104
vt 0.726488 0.376846
vt 0.748596 0.353425
vt 0.700920 0.356614
vt 0.677518 0.334467
vt 0.814565 0.308224
vt 0.764789 0.304323
vt 0.773826 0.367767
vt 0.793957 0.340446
vt 0.715988 0.305694
vt 0.725326 0.425533
vt 0.750165 0.395582
vt 0.703594 0.396514
vt 0.662739 0.311383
vt 0.645152 0.349934
vt 0.594885 0.322275
vt 0.676636 0.372693
vt 0.531029 0.285752
vt 0.490797 0.256421
vt 0.524199 0.256867
vt 0.490127 0.284571
vt 0.456318 0.254754
vt 0.493160 0.230515
vt 0.521424 0.230816
vt 0.464023 0.228302
vt 0.534921 0.317078
vt 0.567569 0.282588
vt 0.490854 0.314464
vt 0.449858 0.284336
vt 0.449480 0.316179
vt 0.410521 0.281506
vt 0.421617 0.251194
vt 0.434534 0.224712
vt 0.447984 0.200809
vt 0.472139 0.204244
vt 0.496159 0.206673
vt 0.520285 0.206862
vt 0.548174 0.229797
vt 0.554465 0.254842
vt 0.380535 0.544086
vt 0.406875 0.556055
vt 0.385019 0.569292
vt 0.422229 0.563051
vt 0.413404 0.535945
vt 0.443545 0.532703
vt 0.396657 0.591868
vt 0.383666 0.519905
vt 0.466870 0.538827
vt 0.455074 0.505944
vt 0.502598 0.490036
vt 0.440003 0.573963
vt 0.419771 0.513859
vt 0.414209 0.609080
vt 0.394874 0.500404
vt 0.424069 0.485647
vt 0.423497 0.497057
vt 0.422730 0.467714
vt 0.409461 0.483651
vt 0.438417 0.476000
vt 0.451281 0.487893
vt 0.372067 0.495970
vt 0.392418 0.478168
vt 0.431382 0.449983
vt 0.406942 0.460720
vt 0.415227 0.441563
vt 0.468373 0.470130
vt 0.449146 0.459478
vt 0.746596 0.670277
vt 0.712201 0.648997
vt 0.728434 0.638596
vt 0.682499 0.664840
vt 0.716087 0.672125
vt 0.691126 0.635476
vt 0.703681 0.608697
vt 0.753554 0.700729
vt 0.770491 0.657771
vt 0.746346 0.622619
vt 0.652894 0.650033
vt 0.677634 0.694378
vt 0.716978 0.699324
vt 0.719648 0.586326
vt 0.677685 0.585935
vt 0.665955 0.618370
vt 0.689468 0.766972
vt 0.705266 0.739806
vt 0.722502 0.748994
vt 0.676366 0.721680
vt 0.679906 0.746095
vt 0.712073 0.723374
vt 0.744694 0.726941
vt 0.709600 0.780165
vt 0.747055 0.757103
vt 0.776326 0.732586
vt 0.783677 0.427470
vt 0.810518 0.397226
vt 0.801511 0.435951
vt 0.767895 0.413235
vt 0.794914 0.403657
vt 0.788965 0.386920
vt 0.809010 0.364363
vt 0.785089 0.470995
vt 0.821454 0.432003
vt 0.766812 0.454567
vt 0.829102 0.385259
vt 0.748770 0.439879
vt 0.830138 0.344765
vt 0.333722 0.684458
vt 0.303269 0.701894
vt 0.294530 0.686965
vt 0.322983 0.727739
vt 0.331288 0.707148
vt 0.285646 0.711210
vt 0.259734 0.692051
vt 0.303330 0.742419
vt 0.226980 0.700034
vt 0.260854 0.721107
vt 0.453541 0.157885
vt 0.434265 0.152670
vt 0.460910 0.142958
vt 0.440310 0.176452
vt 0.436552 0.161159
vt 0.411500 0.168374
vt 0.422616 0.173999
vt 0.485667 0.141185
vt 0.462672 0.128634
vt 0.473090 0.158015
vt 0.427729 0.144693
vt 0.460683 0.178233
vt 0.423455 0.197602
vt 0.400586 0.164096
vt 0.389666 0.186602
vt 0.384532 0.179902
vt 0.402650 0.193306
vt 0.528884 0.350455
vt 0.495367 0.370317
vt 0.492683 0.345600
vt 0.477957 0.382538
vt 0.516104 0.383551
vt 0.499772 0.414033
vt 0.460019 0.349417
vt 0.562286 0.363553
vt 0.482005 0.435358
vt 0.525721 0.436940
vt 0.460323 0.396869
vt 0.543001 0.399237
vt 0.436821 0.361273
vt 0.674296 0.266850
vt 0.709985 0.285959
vt 0.663041 0.288337
vt 0.692378 0.248442
vt 0.704758 0.272004
vt 0.728557 0.264087
vt 0.753113 0.282772
vt 0.621542 0.284688
vt 0.639247 0.260167
vt 0.654123 0.236800
vt 0.719135 0.236616
vt 0.791980 0.278090
vt 0.759623 0.257000
vt 0.683504 0.483776
vt 0.699429 0.477695
vt 0.690641 0.498352
vt 0.677261 0.467361
vt 0.691475 0.473602
vt 0.690971 0.459557
vt 0.704440 0.455982
vt 0.701731 0.508096
vt 0.710446 0.482319
vt 0.669356 0.448024
vt 0.718643 0.457112
vt 0.701768 0.433395
vt 0.685746 0.440291
vt 0.725001 0.486070
vt 0.741769 0.504721
vt 0.719835 0.510017
vt 0.750392 0.475223
vt 0.734559 0.463424
vt 0.764348 0.492816
vt 0.738878 0.488644
vt 0.723019 0.537358
vt 0.748960 0.529179
vt 0.776054 0.519309
vt 0.760762 0.603695
vt 0.788799 0.598873
vt 0.784238 0.633083
vt 0.738509 0.570185
vt 0.770182 0.587946
vt 0.785137 0.557805
vt 0.760320 0.560577
vt 0.556063 0.444297
vt 0.586259 0.421223
vt 0.586844 0.442083
vt 0.603297 0.409820
vt 0.568125 0.412107
vt 0.586556 0.384460
vt 0.614114 0.436277
vt 0.552817 0.474576
vt 0.587659 0.466823
vt 0.610179 0.368854
vt 0.624420 0.400179
vt 0.618329 0.461595
vt 0.637650 0.429577
vt 0.589310 0.486996
vt 0.575582 0.512061
vt 0.560836 0.496493
vt 0.606226 0.503607
vt 0.615265 0.483539
vt 0.592521 0.523296
vt 0.590650 0.500814
vt 0.537423 0.513434
vt 0.558277 0.528501
vt 0.576767 0.542783
vt 0.526654 0.539220
vt 0.538984 0.565698
vt 0.525034 0.568438
vt 0.561586 0.562244
vt 0.545998 0.548341
vt 0.546009 0.580325
vt 0.529070 0.595673
vt 0.504202 0.540747
vt 0.506095 0.575203
vt 0.509548 0.607860
vt 0.263965 0.366327
vt 0.227657 0.376056
vt 0.242028 0.339963
vt 0.284080 0.394039
vt 0.248721 0.383387
vt 0.223892 0.415877
vt 0.255502 0.407707
vt 0.216497 0.317520
vt 0.201794 0.363146
vt 0.193272 0.411606
vt 0.486228 0.616460
vt 0.466979 0.597938
vt 0.484512 0.586640
vt 0.436439 0.618197
vt 0.461170 0.620297
vt 0.455510 0.586783
vt 0.479293 0.558784
vt 0.486676 0.647654
vt 0.428499 0.651087
vt 0.458136 0.649674
vt 0.210489 0.536850
vt 0.228362 0.566110
vt 0.205880 0.576461
vt 0.240351 0.581108
vt 0.240622 0.539929
vt 0.268933 0.549241
vt 0.212727 0.608909
vt 0.181297 0.546181
vt 0.179972 0.593210
vt 0.185258 0.633583
vt 0.304910 0.158621
vt 0.279602 0.150237
vt 0.355008 0.111844
vt 0.250518 0.207652
vt 0.266465 0.171614
vt 0.198889 0.195535
vt 0.216138 0.206032
vt 0.412706 0.087763
vt 0.402960 0.066193
vt 0.347412 0.145707
vt 0.296583 0.123397
vt 0.291460 0.201210
vt 0.193980 0.257809
vt 0.190206 0.180600
vt 0.115524 0.244285
vt 0.083829 0.237804
vt 0.150986 0.250907
vt 0.130042 0.299444
vt 0.158986 0.329620
vt 0.146706 0.349150
vt 0.185597 0.301571
vt 0.154917 0.294689
vt 0.176923 0.345047
vt 0.167663 0.387950
vt 0.112152 0.329386
vt 0.133409 0.384652
vt 0.155662 0.432938
vt 0.706666 0.858971
vt 0.731909 0.823543
vt 0.778111 0.815347
vt 0.654282 0.869738
vt 0.632926 0.900683
vt 0.681830 0.836608
vt 0.697618 0.850707
vt 0.822375 0.809586
vt 0.830078 0.779265
vt 0.718521 0.870061
vt 0.768582 0.794114
vt 0.614667 0.930536
vt 0.712908 0.805727
vt 0.483169 0.822865
vt 0.466715 0.838822
vt 0.455203 0.817194
vt 0.458251 0.847432
vt 0.486524 0.849800
vt 0.485312 0.869196
vt 0.430994 0.816243
vt 0.512833 0.829449
vt 0.483377 0.887316
vt 0.512215 0.880089
vt 0.452849 0.860793
vt 0.512638 0.858321
vt 0.418084 0.825744
vt 0.855097 0.253296
vt 0.815038 0.252283
vt 0.802355 0.241136
vt 0.826142 0.271225
vt 0.849286 0.262764
vt 0.791609 0.253588
vt 0.756414 0.234878
vt 0.926229 0.263576
vt 0.835079 0.234044
vt 0.891021 0.275802
vt 0.911239 0.268407
vt 0.776021 0.220936
vt 0.860346 0.288326
vt 0.721542 0.211269
vt 0.708376 0.150485
vt 0.658103 0.142704
vt 0.634312 0.107432
vt 0.736911 0.190057
vt 0.780736 0.196231
vt 0.687976 0.178930
vt 0.701171 0.161155
vt 0.613560 0.072636
vt 0.717783 0.136283
vt 0.822006 0.199929
vt 0.854454 0.327325
vt 0.864263 0.351768
vt 0.848785 0.367231
vt 0.888996 0.322374
vt 0.876044 0.317907
vt 0.866515 0.371002
vt 0.843562 0.408949
vt 0.896434 0.352361
vt 0.844415 0.453650
vt 0.870406 0.406299
vt 0.903247 0.505131
vt 0.877988 0.457524
vt 0.901487 0.419502
vt 0.877140 0.549991
vt 0.900809 0.590582
vt 0.856975 0.502505
vt 0.886026 0.504221
vt 0.926229 0.384960
vt 0.926229 0.506344
vt 0.926229 0.627728
vt 0.623981 0.605080
vt 0.647021 0.604054
vt 0.634336 0.629318
vt 0.618983 0.579707
vt 0.635729 0.594498
vt 0.655789 0.575661
vt 0.636666 0.574658
vt 0.809065 0.740518
vt 0.801534 0.761855
vt 0.777094 0.760846
vt 0.845383 0.760180
vt 0.834791 0.749971
vt 0.791391 0.773914
vt 0.744852 0.781527
vt 0.160303 0.737284
vt 0.205179 0.732473
vt 0.217769 0.744902
vt 0.193915 0.711230
vt 0.168902 0.724144
vt 0.230249 0.727991
vt 0.266852 0.747376
vt 0.123712 0.714259
vt 0.098647 0.727094
vt 0.157716 0.695780
vt 0.440290 0.085405
vt 0.399801 0.136464
vt 0.377937 0.138526
vt 0.451252 0.096275
vt 0.416319 0.138905
vt 0.359631 0.173409
vt 0.328391 0.187523
vt 0.383496 0.165688
vt 0.459083 0.111879
vt 0.365148 0.188568
vt 0.337321 0.203517
vt 0.302243 0.225980
vt 0.156521 0.615724
vt 0.133896 0.616482
vt 0.155812 0.574100
vt 0.157141 0.656071
vt 0.140362 0.634406
vt 0.115413 0.669204
vt 0.132488 0.670051
vt 0.151172 0.530112
vt 0.126988 0.582271
vt 0.104780 0.641154
vt 0.098860 0.485953
vt 0.119260 0.531435
vt 0.099454 0.573527
vt 0.121530 0.436933
vt 0.102425 0.398064
vt 0.138762 0.482669
vt 0.113107 0.484780
vt 0.079496 0.612282
vt 0.080940 0.487456
vt 0.082385 0.362630
vt 0.438112 0.683519
vt 0.469743 0.701025
vt 0.458913 0.712950
vt 0.488096 0.679633
vt 0.462536 0.679234
vt 0.488159 0.710121
vt 0.484536 0.736840
vt 0.513475 0.683169
vt 0.511923 0.749496
vt 0.512116 0.717007
vt 0.448350 0.436585
vt 0.449082 0.408452
vt 0.464920 0.440983
vt 0.432122 0.427844
vt 0.442513 0.416241
vt 0.429737 0.403846
vt 0.429015 0.380536
vt 0.416857 0.418635
vt 0.408759 0.363716
vt 0.413984 0.392498
vt 0.534963 0.717641
vt 0.561609 0.729102
vt 0.538018 0.745224
vt 0.537355 0.688295
vt 0.552138 0.714465
vt 0.581486 0.706207
vt 0.559952 0.695734
vt 0.687512 0.410116
vt 0.661461 0.402290
vt 0.665063 0.388972
vt 0.657231 0.424681
vt 0.673603 0.419042
vt 0.645261 0.399035
vt 0.637817 0.372788
vt 0.565614 0.865654
vt 0.569165 0.836435
vt 0.592022 0.841819
vt 0.538546 0.858941
vt 0.538997 0.878659
vt 0.542134 0.833142
vt 0.557794 0.854500
vt 0.455982 0.881387
vt 0.444477 0.888767
vt 0.424012 0.851429
vt 0.484560 0.910424
vt 0.461381 0.900137
vt 0.475176 0.933224
vt 0.483585 0.928924
vt 0.392352 0.364471
vt 0.389901 0.391030
vt 0.379762 0.377164
vt 0.403171 0.412832
vt 0.400466 0.389405
vt 0.370961 0.396155
vt 0.388670 0.406613
vt 0.400823 0.434136
vt 0.385097 0.426716
vt 0.364979 0.418316
vt 0.393778 0.452702
vt 0.373807 0.458737
vt 0.379619 0.445391
vt 0.361735 0.481792
vt 0.381071 0.468572
vt 0.359465 0.461948
vt 0.360847 0.440518
vt 0.365813 0.203887
vt 0.358649 0.235890
vt 0.339450 0.223192
vt 0.380750 0.213754
vt 0.387550 0.245065
vt 0.338081 0.260259
vt 0.310082 0.247482
vt 0.372411 0.272540
vt 0.405216 0.220279
vt 0.572766 0.228050
vt 0.596505 0.242525
vt 0.579536 0.249093
vt 0.613148 0.251066
vt 0.597165 0.227514
vt 0.623335 0.230128
vt 0.594751 0.269790
vt 0.518360 0.184268
vt 0.500494 0.170379
vt 0.513304 0.164569
vt 0.489312 0.162922
vt 0.498737 0.184714
vt 0.479835 0.181844
vt 0.502769 0.149298
vn -0.0212 0.9990 0.0391
vn 0.0235 0.9990 0.0390
vn -0.0259 0.9996 -0.0058
vn 0.0268 0.9944 0.1020
vn 0.0168 0.9974 0.0701
vn 0.0610 0.9884 0.1394
vn 0.0814 0.9878 0.1325
vn -0.0504 0.9987 -0.0109
vn -0.0237 0.9997 -0.0029
vn -0.0472 0.9989 -0.0012
vn -0.0522 0.9985 0.0149
vn 0.0152 0.9992 0.0363
vn 0.1091 0.9922 0.0599
vn -0.0338 0.9983 0.0483
vn 0.1255 0.9711 0.2029
vn 0.0629 0.9904 0.1234
vn 0.1164 0.9596 0.2561
vn 0.0766 0.9650 0.2509
vn 0.1235 0.9611 0.2470
vn 0.0101 0.9999 -0.0002
vn 0.0263 0.9997 -0.0022
vn 0.0068 1.0000 -0.0032
vn 0.0774 0.9970 -0.0027
vn 0.0414 0.9991 -0.0012
vn 0.0359 0.9994 -0.0018
vn 0.0092 0.9999 -0.0047
vn 0.0000 1.0000 0.0000
vn 0.0005 1.0000 -0.0006
vn 0.0099 0.9995 -0.0310
vn 0.0028 1.0000 -0.0043
vn 0.0027 1.0000 -0.0031
vn 0.1394 0.9865 -0.0862
vn 0.0318 0.9981 -0.0534
vn 0.1086 0.9941 0.0018
vn 0.0061 0.9999 -0.0090
vn 0.0074 0.9999 -0.0084
vn 0.0207 0.9990 -0.0387
vn 0.0408 0.9992 0.0031
vn -0.0104 0.9999 -0.0056
vn -0.0014 1.0000 -0.0008
vn -0.0025 1.0000 -0.0014
vn -0.0235 0.9996 -0.0129
vn -0.0067 1.0000 -0.0036
vn -0.0097 0.9999 -0.0055
vn -0.0024 1.0000 -0.0013
vn -0.0027 1.0000 -0.0008
vn -0.0142 0.9999 -0.0071
vn -0.0803 0.9954 -0.0515
vn -0.0380 0.9990 -0.0231
vn -0.0272 0.9995 -0.0174
vn -0.0021 1.0000 -0.0016
vn -0.0103 0.9999 -0.0067
vn 0.0187 0.9997 0.0147
vn 0.0735 0.9957 0.0557
vn 0.0517 0.9978 0.0426
vn 0.1322 0.9848 0.1126
vn 0.0563 0.9975 0.0415
vn 0.1379 0.9855 0.0993
vn 0.0895 0.9911 0.0987
vn 0.0033 1.0000 0.0063
vn 0.0070 0.9999 0.0073
vn 0.0154 0.9993 0.0331
vn 0.2600 0.9540 0.1495
vn 0.1147 0.9914 0.0628
vn 0.1190 0.9929 0.0092
vn 0.2572 0.9417 0.2169
vn 0.0462 0.9984 0.0331
vn 0.0500 0.9646 0.2589
vn 0.1868 0.9511 0.2459
vn 0.0249 0.9969 0.0751
vn 0.0335 0.9394 0.3413
vn 0.0052 0.9345 0.3559
vn 0.0438 0.9313 0.3617
vn -0.0003 0.9662 0.2577
vn -0.0060 0.9368 0.3498
vn -0.0498 0.9466 0.3187
vn -0.0507 0.9520 0.3018
vn 0.0866 0.9328 0.3497
vn 0.0586 0.9514 0.3022
vn 0.0934 0.9413 0.3244
vn 0.0362 0.9531 0.3004
vn 0.0448 0.9969 -0.0646
vn 0.1010 0.9702 0.2200
vn -0.0932 0.9872 0.1292
vn -0.0648 0.9825 0.1745
vn -0.1474 0.9618 0.2308
vn 0.0034 0.9624 0.2717
vn -0.1432 0.9671 0.2104
vn 0.0009 1.0000 -0.0055
vn -0.0003 0.9999 -0.0152
vn -0.0043 0.9998 -0.0172
vn 0.0043 0.9998 -0.0204
vn 0.0049 0.9999 -0.0133
vn -0.0032 0.9995 -0.0301
vn -0.0082 0.9988 -0.0472
vn -0.0007 1.0000 -0.0052
vn -0.0027 1.0000 -0.0061
vn -0.0005 1.0000 -0.0010
vn -0.0026 0.9997 -0.0248
vn -0.0120 0.9996 -0.0247
vn -0.0046 0.9999 -0.0104
vn -0.0001 0.9993 -0.0385
vn -0.0102 0.9974 -0.0717
vn -0.0213 0.9931 -0.1151
vn -0.0448 0.9521 -0.3024
vn -0.0061 0.9984 -0.0553
vn 0.2851 0.8926 0.3491
vn 0.3290 0.9042 0.2722
vn 0.2827 0.9090 0.3061
vn 0.3008 0.9425 0.1453
vn 0.3417 0.8969 0.2809
vn 0.3415 0.9267 0.1568
vn 0.2127 0.9659 0.1478
vn 0.1698 0.8927 0.4174
vn 0.1655 0.9214 0.3517
vn 0.2432 0.9698 -0.0200
vn 0.2197 0.9739 -0.0567
vn 0.0142 0.9998 -0.0125
vn 0.1288 0.9904 -0.0492
vn 0.1000 0.9775 0.1855
vn -0.2839 0.9329 -0.2217
vn -0.3255 0.8874 -0.3264
vn -0.3476 0.9134 -0.2119
vn -0.2513 0.9052 -0.3426
vn -0.2903 0.8901 -0.3513
vn -0.2860 0.9103 -0.2994
vn -0.3256 0.9262 -0.1901
vn -0.0768 0.9970 -0.0015
vn -0.2779 0.9606 0.0096
vn -0.1691 0.9516 -0.2566
vn -0.3694 0.9291 0.0175
vn -0.1499 0.9686 -0.1985
vn -0.1711 0.9116 -0.3738
vn -0.0541 0.9851 -0.1631
vn -0.1992 0.9032 -0.3802
vn -0.3599 0.9323 0.0362
vn -0.1800 0.9757 -0.1251
vn -0.1668 0.9857 0.0242
vn -0.1787 0.9652 -0.1910
vn 0.0744 0.9365 0.3427
vn 0.1562 0.9362 0.3149
vn 0.0538 0.9376 0.3434
vn 0.2187 0.9486 0.2289
vn 0.1646 0.9402 0.2983
vn 0.1869 0.9502 0.2492
vn 0.0699 0.9663 0.2477
vn 0.0007 0.9788 0.2049
vn -0.0792 0.9171 0.3906
vn 0.0823 0.9603 0.2667
vn -0.0985 0.9226 0.3729
vn 0.2711 0.9592 0.0807
vn 0.1592 0.9725 0.1698
vn 0.1383 0.9903 0.0137
vn 0.2415 0.9641 0.1106
vn 0.1267 0.9626 0.2397
vn -0.0922 0.9636 0.2510
vn 0.1292 0.9868 0.0975
vn -0.0422 0.9946 0.0945
vn -0.0527 0.9941 0.0949
vn -0.0528 0.9948 0.0869
vn -0.0293 0.9960 0.0845
vn -0.0404 0.9931 0.1099
vn -0.0366 0.9949 0.0938
vn -0.0299 0.9937 0.1082
vn -0.0315 0.9977 0.0605
vn -0.0785 0.9961 0.0394
vn -0.0375 0.9990 0.0233
vn -0.0384 0.9977 0.0568
vn -0.0834 0.9957 0.0402
vn -0.0057 0.9984 0.0569
vn -0.0472 0.9989 0.0065
vn -0.0053 0.9943 0.1069
vn -0.0681 0.9970 0.0374
vn -0.0160 0.9942 0.1068
vn -0.0517 0.9979 0.0391
vn -0.1335 0.9870 -0.0899
vn -0.1444 0.9849 -0.0960
vn -0.1421 0.9858 -0.0898
vn -0.1379 0.9865 -0.0881
vn -0.1377 0.9865 -0.0890
vn -0.1245 0.9895 -0.0730
vn -0.1461 0.9854 -0.0872
vn -0.1101 0.9917 -0.0658
vn -0.1301 0.9877 -0.0869
vn -0.1270 0.9894 -0.0703
vn -0.0967 0.9945 -0.0403
vn -0.1075 0.9931 -0.0464
vn -0.1251 0.9894 -0.0736
vn -0.1315 0.9878 -0.0836
vn -0.1420 0.9872 -0.0726
vn -0.1546 0.9849 -0.0781
vn -0.1702 0.9779 -0.1212
vn -0.1095 0.8485 -0.5178
vn -0.1405 0.8377 -0.5278
vn -0.1199 0.8347 -0.5375
vn -0.1775 0.8931 -0.4134
vn -0.1376 0.8649 -0.4828
vn -0.1895 0.9071 -0.3759
vn -0.1259 0.9019 -0.4132
vn -0.0985 0.8430 -0.5288
vn -0.0584 0.9326 -0.3562
vn -0.1031 0.8324 -0.5444
vn -0.2563 0.9486 -0.1857
vn -0.1422 0.9537 -0.2650
vn -0.2300 0.9510 -0.2065
vn -0.0882 0.9340 -0.3464
vn -0.0624 0.9135 -0.4019
vn -0.1455 0.9732 -0.1779
vn 0.0731 0.9931 0.0917
vn 0.0539 0.9935 0.1002
vn 0.0547 0.9931 0.1035
vn 0.0346 0.9975 0.0618
vn 0.0653 0.9945 0.0822
vn 0.0320 0.9958 0.0856
vn 0.0307 0.9962 0.0814
vn 0.0466 0.9987 0.0212
vn 0.0466 0.9964 0.0712
vn 0.0874 0.9958 0.0288
vn 0.0926 0.9953 0.0299
vn 0.0416 0.9968 0.0689
vn 0.0132 0.9999 -0.0067
vn 0.0515 0.9986 0.0148
vn 0.0013 0.9991 0.0433
vn 0.0290 0.9994 0.0202
vn -0.0026 0.9991 0.0420
vn -0.0067 0.9940 -0.1088
vn -0.0028 0.9984 0.0571
vn -0.0942 0.9716 -0.2171
vn -0.1470 0.9849 -0.0917
vn -0.1440 0.9699 -0.1961
vn -0.0787 0.9875 -0.1368
vn -0.1082 0.9937 0.0295
vn -0.1870 0.9823 0.0129
vn -0.1500 0.9831 -0.1046
vn -0.1588 0.9789 0.1286
vn -0.0290 0.9879 -0.1522
vn -0.0409 0.9642 -0.2619
vn -0.0111 0.9922 -0.1245
vn -0.0470 0.9982 -0.0362
vn 0.0249 0.9973 -0.0688
vn 0.0015 0.9982 0.0597
vn -0.0561 0.9924 0.1096
vn -0.0951 0.9789 0.1807
vn -0.1146 0.9552 0.2730
vn -0.1772 0.9502 0.2564
vn -0.1839 0.9699 0.1597
vn -0.1090 0.9925 0.0555
vn -0.0593 0.9809 -0.1851
vn -0.0705 0.9603 -0.2699
vn 0.0234 0.9970 0.0743
vn 0.0274 0.9927 0.1178
vn 0.0209 0.9937 0.1102
vn 0.0217 0.9908 0.1333
vn 0.0305 0.9953 0.0923
vn 0.0205 0.9933 0.1136
vn 0.0122 0.9918 0.1271
vn 0.0204 0.9987 -0.0460
vn 0.0337 0.9921 0.1206
vn 0.0079 0.9992 0.0398
vn 0.0351 0.9992 0.0210
vn 0.0218 0.9899 0.1397
vn 0.0207 0.9996 0.0202
vn 0.0001 0.9929 0.1190
vn 0.0257 0.9847 -0.1722
vn -0.0068 0.9826 -0.1858
vn 0.0028 0.9960 -0.0893
vn 0.0402 0.9706 -0.2374
vn 0.0116 0.9675 -0.2527
vn 0.0023 0.9865 -0.1640
vn -0.0159 0.9977 -0.0656
vn -0.0004 0.9498 -0.3128
vn 0.0354 0.9372 -0.3469
vn 0.1038 0.9778 -0.1822
vn 0.0945 0.9432 -0.3185
vn 0.1807 0.9528 -0.2440
vn 0.0212 0.9976 -0.0652
vn 0.0495 0.9906 -0.1275
vn 0.3548 0.9330 -0.0604
vn 0.3789 0.9252 0.0209
vn 0.3720 0.9279 0.0259
vn 0.2923 0.9562 -0.0125
vn 0.3372 0.9400 -0.0529
vn 0.3589 0.9317 0.0560
vn 0.3548 0.9329 0.0624
vn 0.2377 0.9454 -0.2232
vn 0.2590 0.9658 -0.0100
vn 0.2864 0.9578 0.0240
vn 0.2470 0.9653 0.0847
vn 0.1696 0.9664 -0.1933
vn 0.2182 0.9445 -0.2455
vn 0.2637 0.9640 0.0336
vn 0.2890 0.9483 0.1311
vn 0.3087 0.9424 0.1291
vn -0.0826 0.8261 -0.5575
vn -0.0502 0.8300 -0.5555
vn -0.0418 0.8349 -0.5489
vn 0.0037 0.9080 -0.4190
vn -0.0795 0.8304 -0.5515
vn 0.0531 0.8886 -0.4556
vn 0.0719 0.8965 -0.4372
vn -0.0492 0.9136 -0.4037
vn -0.0294 0.9134 -0.4059
vn 0.0542 0.9563 -0.2873
vn 0.0813 0.9920 -0.0970
vn 0.1222 0.9873 -0.1011
vn 0.0870 0.9897 -0.1134
vn 0.0669 0.9964 -0.0524
vn 0.1060 0.9903 -0.0901
vn 0.1073 0.9931 -0.0473
vn 0.1196 0.9919 -0.0435
vn 0.0451 0.9951 -0.0882
vn 0.0712 0.9943 -0.0799
vn 0.0422 0.9946 -0.0943
vn 0.0941 0.9925 -0.0786
vn 0.0327 0.9973 -0.0661
vn 0.0775 0.9965 -0.0325
vn -0.1031 0.9941 -0.0339
vn -0.1320 0.9890 -0.0671
vn -0.1156 0.9929 -0.0273
vn -0.1322 0.9878 -0.0823
vn -0.1311 0.9885 -0.0756
vn -0.1292 0.9894 -0.0659
vn -0.1115 0.9935 -0.0237
vn -0.0956 0.9937 -0.0580
vn -0.0755 0.9970 -0.0164
vn -0.0942 0.9944 -0.0486
vn -0.0609 0.9582 0.2795
vn -0.0344 0.9887 0.1459
vn -0.0579 0.9712 0.2310
vn -0.0632 0.9589 0.2767
vn -0.0373 0.9764 0.2129
vn -0.0126 0.9909 0.1338
vn -0.0322 0.9784 0.2044
vn -0.0444 0.9233 0.3814
vn -0.0429 0.9876 0.1510
vn -0.1014 0.9149 0.3907
vn -0.0206 0.9964 0.0823
vn -0.1178 0.9278 0.3540
vn -0.0555 0.9701 0.2361
vn -0.0034 0.9967 0.0808
vn -0.0056 0.9903 0.1389
vn 0.0002 0.9951 0.0985
vn -0.0231 0.9813 0.1911
vn 0.0025 0.9962 -0.0865
vn 0.0406 0.9966 -0.0712
vn 0.0265 0.9947 -0.0993
vn 0.0608 0.9961 -0.0642
vn 0.0314 0.9982 -0.0517
vn 0.0504 0.9979 -0.0403
vn 0.0530 0.9945 -0.0900
vn -0.0036 0.9988 -0.0478
vn 0.0554 0.9973 -0.0479
vn 0.0281 0.9994 -0.0182
vn 0.0841 0.9944 -0.0635
vn 0.0132 0.9996 -0.0264
vn 0.1080 0.9909 -0.0802
vn 0.0224 0.9976 -0.0652
vn 0.0265 0.9995 0.0169
vn 0.0340 0.9986 -0.0410
vn 0.0244 0.9989 -0.0396
vn 0.0161 0.9997 -0.0179
vn 0.0085 0.9999 -0.0055
vn 0.0187 0.9993 0.0322
vn 0.0301 0.9850 -0.1698
vn 0.0491 0.9826 -0.1790
vn 0.0879 0.9881 -0.1263
vn 0.0231 0.9997 -0.0099
vn 0.0209 0.9994 0.0266
vn 0.0108 0.9999 0.0052
vn -0.0562 0.9984 -0.0035
vn -0.0343 0.9990 -0.0288
vn -0.0435 0.9990 -0.0058
vn -0.0563 0.9983 -0.0115
vn -0.0526 0.9984 -0.0192
vn -0.0497 0.9987 -0.0137
vn -0.0279 0.9993 -0.0256
vn 0.0007 0.9993 -0.0385
vn -0.0063 0.9982 -0.0592
vn -0.0583 0.9983 0.0019
vn -0.0042 0.9988 -0.0488
vn -0.0281 0.9996 0.0012
vn -0.0508 0.9987 0.0023
vn 0.0089 0.9965 -0.0834
vn 0.0167 0.9967 -0.0792
vn 0.0241 0.9969 -0.0746
vn 0.0154 0.9958 -0.0899
vn 0.0111 0.9969 -0.0775
vn 0.0129 0.9968 -0.0786
vn 0.0089 0.9959 -0.0897
vn 0.0616 0.9968 -0.0503
vn 0.0296 0.9981 -0.0536
vn 0.0122 0.9989 -0.0464
vn 0.1556 0.9878 0.0104
vn 0.0537 0.9986 0.0024
vn 0.1424 0.9897 0.0162
vn 0.1285 0.9917 -0.0030
vn 0.0738 0.9973 -0.0037
vn 0.0128 0.9998 -0.0165
vn 0.0520 0.9985 -0.0195
vn 0.0045 1.0000 0.0016
vn -0.0193 0.9998 0.0060
vn -0.0163 0.9998 0.0099
vn -0.0337 0.9994 0.0061
vn -0.0062 1.0000 -0.0056
vn -0.0237 0.9996 -0.0119
vn -0.0353 0.9993 0.0131
vn 0.0107 0.9999 0.0091
vn -0.0132 0.9999 0.0082
vn -0.0335 0.9994 -0.0030
vn -0.0473 0.9988 0.0093
vn -0.0321 0.9995 0.0062
vn -0.0504 0.9987 0.0122
vn -0.0071 0.9999 0.0099
vn 0.0271 0.9979 0.0586
vn 0.0218 0.9995 0.0214
vn 0.0030 0.9990 0.0439
vn -0.0207 0.9997 0.0090
vn 0.0374 0.9938 0.1048
vn 0.0056 0.9994 0.0329
vn 0.0569 0.9970 0.0531
vn 0.0576 0.9942 0.0912
vn 0.0532 0.9871 0.1509
vn 0.0907 0.9918 0.0904
vn 0.0916 0.9845 0.1494
vn 0.0920 0.9869 0.1327
vn 0.0713 0.9783 0.1945
vn 0.0813 0.9889 0.1246
vn 0.0719 0.9751 0.2096
vn 0.0664 0.9786 0.1947
vn 0.0740 0.9924 0.0984
vn 0.0778 0.9888 0.1276
vn 0.0449 0.9860 0.1607
vn -0.2380 0.8962 0.3743
vn -0.3111 0.8817 0.3548
vn -0.2116 0.8947 0.3934
vn -0.2506 0.9387 0.2367
vn -0.3227 0.8805 0.3474
vn -0.3838 0.8926 0.2367
vn -0.3546 0.9039 0.2393
vn -0.1349 0.9572 0.2562
vn -0.2146 0.9428 0.2552
vn -0.2591 0.9469 0.1904
vn 0.0220 0.9916 0.1274
vn 0.0294 0.9914 0.1276
vn 0.0500 0.9903 0.1295
vn -0.0048 0.9939 0.1106
vn 0.0086 0.9940 0.1090
vn 0.0260 0.9906 0.1340
vn 0.0519 0.9902 0.1298
vn -0.0386 0.9961 0.0790
vn -0.0381 0.9983 0.0447
vn -0.0292 0.9983 0.0512
vn -0.0488 0.9947 -0.0903
vn -0.0320 0.9992 -0.0244
vn -0.0157 0.9997 -0.0170
vn -0.0317 0.9995 0.0072
vn -0.0748 0.9942 -0.0770
vn -0.0796 0.9955 -0.0507
vn -0.0119 0.9996 0.0240
vn -0.0371 0.9988 -0.0324
vn -0.0031 0.9999 -0.0109
vn -0.0084 0.9998 0.0193
vn 0.0019 0.9996 0.0298
vn -0.0005 1.0000 0.0065
vn 0.0005 1.0000 0.0078
vn 0.0034 0.9976 0.0697
vn 0.0006 0.9997 0.0248
vn 0.0005 1.0000 0.0087
vn 0.0010 0.9994 0.0359
vn 0.0013 1.0000 0.0036
vn 0.0047 0.9998 0.0215
vn 0.0122 0.9983 0.0577
vn -0.0173 0.9964 0.0831
vn -0.0033 1.0000 0.0042
vn -0.0135 0.9995 0.0301
vn -0.0129 0.9998 0.0141
vn -0.0519 0.9972 0.0547
vn -0.0431 0.9983 0.0401
vn -0.0818 0.9914 0.1025
vn -0.0395 0.9985 0.0386
vn -0.1019 0.9876 0.1196
vn -0.1161 0.9876 0.1056
vn -0.0056 1.0000 0.0070
vn -0.0376 0.9988 0.0306
vn -0.1048 0.9925 0.0636
vn -0.0001 1.0000 -0.0038
vn 0.0003 0.9996 -0.0291
vn -0.0001 1.0000 -0.0069
vn 0.0000 0.9997 -0.0253
vn 0.0002 1.0000 -0.0060
vn 0.0003 0.9978 -0.0665
vn 0.0006 0.9999 -0.0173
vn 0.0017 1.0000 -0.0075
vn 0.0004 0.9989 -0.0458
vn -0.0135 0.9901 -0.1400
vn -0.1144 0.9911 -0.0681
vn -0.0889 0.9950 -0.0459
vn -0.1063 0.9930 -0.0520
vn -0.0696 0.9970 -0.0346
vn -0.0818 0.9951 -0.0554
vn -0.0554 0.9977 -0.0381
vn -0.0834 0.9954 -0.0463
vn -0.0785 0.9904 -0.1137
vn -0.0329 0.9993 -0.0199
vn -0.0267 0.9982 -0.0546
vn -0.0448 0.9988 -0.0218
vn -0.0463 0.9953 -0.0851
vn -0.0540 0.9981 -0.0310
vn 0.0398 0.9988 0.0297
vn 0.0292 0.9993 0.0222
vn 0.0326 0.9993 0.0203
vn 0.0257 0.9993 0.0264
vn 0.0337 0.9990 0.0296
vn 0.0227 0.9996 0.0153
vn 0.0301 0.9995 0.0106
vn 0.0347 0.9994 -0.0049
vn 0.0286 0.9994 0.0189
vn 0.0331 0.9995 -0.0022
vn 0.0434 0.9991 -0.0035
vn 0.0381 0.9990 0.0220
vn 0.0250 0.9997 0.0010
vn 0.0547 0.9983 0.0203
vn 0.0087 0.9999 0.0057
vn 0.0402 0.9989 0.0249
vn 0.0108 0.9999 0.0066
vn 0.0403 0.9989 0.0238
vn 0.0188 0.9998 0.0119
vn 0.0739 0.9963 0.0430
vn 0.0313 0.9993 0.0195
vn 0.0017 1.0000 0.0013
vn 0.0132 0.9999 0.0095
vn 0.0343 0.9990 -0.0286
vn 0.0321 0.9987 -0.0386
vn 0.0483 0.9977 -0.0475
vn 0.0245 0.9993 -0.0292
vn 0.0276 0.9990 -0.0344
vn 0.0256 0.9992 -0.0304
vn 0.0433 0.9981 -0.0445
vn 0.0113 0.9999 -0.0116
vn 0.0239 0.9994 -0.0263
vn 0.0149 0.9998 -0.0152
vn 0.0014 1.0000 -0.0014
vn 0.0075 1.0000 -0.0065
vn 0.0041 1.0000 -0.0040
vn 0.0045 1.0000 -0.0035
vn 0.0012 1.0000 -0.0008
vn 0.0113 0.9999 -0.0093
vn 0.0040 1.0000 -0.0033
vn 0.0042 1.0000 -0.0039
vn 0.1538 0.9386 0.3088
vn 0.2376 0.9445 0.2268
vn 0.1936 0.9569 0.2166
vn 0.1391 0.9341 0.3287
vn 0.1896 0.9352 0.2991
vn 0.2224 0.9447 0.2411
vn 0.1711 0.9368 0.3052
vn 0.0009 0.9912 -0.1323
vn -0.0214 0.9931 -0.1154
vn -0.0222 0.9776 -0.2094
vn -0.0066 0.9995 -0.0312
vn -0.0121 0.9966 -0.0818
vn -0.0109 0.9967 -0.0810
vn -0.0229 0.9791 -0.2019
vn -0.0068 1.0000 -0.0045
vn -0.0256 0.9995 -0.0169
vn -0.0195 0.9997 -0.0118
vn -0.0341 0.9993 -0.0133
vn -0.0183 0.9998 -0.0110
vn -0.0487 0.9984 -0.0270
vn -0.0484 0.9984 -0.0284
vn -0.0096 1.0000 -0.0011
vn -0.0019 1.0000 -0.0001
vn -0.0190 0.9998 0.0010
vn -0.0018 0.9999 0.0112
vn 0.0010 0.9998 0.0210
vn 0.0060 0.9999 0.0108
vn -0.0109 0.9991 0.0404
vn -0.0076 0.9989 0.0469
vn 0.0127 0.9995 0.0294
vn 0.0161 0.9993 0.0327
vn 0.0036 0.9986 0.0529
vn -0.0257 0.9964 0.0810
vn 0.0075 0.9965 0.0833
vn 0.0194 0.9970 0.0744
vn 0.0343 0.9945 0.0991
vn -0.0066 1.0000 -0.0041
vn -0.0076 1.0000 -0.0044
vn -0.0169 0.9998 -0.0100
vn -0.0115 0.9998 0.0131
vn -0.0052 1.0000 -0.0005
vn -0.0026 1.0000 0.0015
vn -0.0074 0.9999 0.0070
vn -0.0501 0.9987 0.0064
vn -0.0206 0.9998 0.0051
vn -0.0039 1.0000 0.0006
vn -0.0056 1.0000 0.0033
vn -0.0305 0.9994 0.0159
vn -0.0083 1.0000 0.0043
vn -0.0342 0.9992 0.0217
vn -0.0087 0.9999 0.0054
vn -0.0680 0.9970 0.0383
vn -0.0255 0.9996 0.0150
vn -0.0821 0.9965 -0.0149
vn -0.0915 0.9953 -0.0315
vn -0.1069 0.9929 -0.0530
vn -0.0966 0.9951 0.0229
vn -0.0674 0.9977 -0.0074
vn -0.1294 0.9915 -0.0137
vn -0.1481 0.9880 -0.0442
vn -0.1679 0.9813 0.0942
vn -0.2240 0.9740 -0.0325
vn -0.2107 0.9769 0.0352
vn 0.1055 0.9897 -0.0972
vn 0.1057 0.9914 -0.0767
vn 0.0680 0.9948 -0.0753
vn 0.1666 0.9770 -0.1331
vn 0.1361 0.9859 -0.0972
vn 0.1852 0.9768 -0.1080
vn 0.1615 0.9821 -0.0973
vn 0.2485 0.9524 -0.1767
vn 0.2464 0.9655 -0.0845
vn 0.2683 0.9533 -0.1385
vn -0.2741 0.9588 0.0744
vn -0.2627 0.9646 -0.0231
vn -0.2887 0.9571 -0.0241
vn -0.2314 0.9616 0.1475
vn -0.2723 0.9591 0.0769
vn -0.1867 0.9822 0.0210
vn -0.2272 0.9659 0.1244
vn -0.0306 0.9992 0.0260
vn -0.0532 0.9984 0.0214
vn -0.0363 0.9989 0.0298
vn -0.0593 0.9982 0.0134
vn -0.0528 0.9985 0.0175
vn -0.0549 0.9984 0.0154
vn -0.0419 0.9988 0.0256
vn -0.0087 0.9944 -0.1054
vn -0.0330 0.9786 -0.2031
vn -0.0403 0.9822 -0.1835
vn -0.0191 0.9930 -0.1164
vn -0.0058 0.9973 -0.0734
vn -0.0555 0.9852 -0.1624
vn -0.0170 0.9897 -0.1423
vn -0.0251 0.9996 -0.0117
vn -0.0107 0.9999 -0.0063
vn -0.0265 0.9995 -0.0151
vn -0.0200 0.9998 -0.0074
vn -0.0146 0.9999 -0.0054
vn -0.0048 1.0000 -0.0016
vn -0.0136 0.9999 -0.0032
vn 0.3262 0.9441 -0.0472
vn 0.3142 0.9402 -0.1316
vn 0.2893 0.9566 -0.0351
vn 0.2970 0.9334 -0.2013
vn 0.3196 0.9360 -0.1474
vn 0.2027 0.9772 -0.0636
vn 0.2753 0.9467 -0.1672
vn 0.2268 0.9329 -0.2799
vn 0.1869 0.9495 -0.2519
vn 0.0836 0.9825 -0.1666
vn 0.1281 0.9217 -0.3661
vn 0.0261 0.9081 -0.4179
vn 0.0867 0.9319 -0.3522
vn -0.0429 0.9123 -0.4073
vn 0.0419 0.9102 -0.4120
vn -0.0759 0.9117 -0.4038
vn -0.0299 0.9524 -0.3035
vn 0.0060 0.9913 0.1312
vn 0.0152 0.9877 0.1554
vn 0.0225 0.9907 0.1342
vn -0.0103 0.9857 0.1679
vn -0.0125 0.9891 0.1469
vn 0.0588 0.9829 0.1746
vn 0.0688 0.9855 0.1553
vn 0.0449 0.9906 0.1292
vn -0.0417 0.9820 0.1842
vn 0.0412 0.9733 -0.2259
vn 0.0582 0.9457 -0.3199
vn 0.0114 0.9509 -0.3093
vn 0.0681 0.9549 -0.2892
vn 0.1119 0.9631 -0.2448
vn 0.1287 0.9678 -0.2162
vn 0.0283 0.9575 -0.2872
vn -0.0385 0.9717 0.2332
vn -0.0953 0.9091 0.4056
vn 0.0101 0.9213 0.3886
vn -0.1142 0.8861 0.4492
vn -0.1426 0.9399 0.3104
vn -0.1663 0.9115 0.3762
vn -0.0054 0.8878 0.4602
s 1
f 307/1/1 311/2/2 306/3/3
f 308/4/4 305/5/5 307/1/1
f 311/2/2 309/6/6 310/7/7
f 128/8/8 188/9/9 20/10/10
f 129/11/11 306/3/3 128/8/8
f 188/9/9 311/2/2 189/12/12
f 21/13/13 308/4/4 130/14/14
f 127/15/15 309/6/6 308/4/4
f 130/14/14 307/1/1 129/11/11
f 190/16/16 125/17/17 19/18/18
f 189/12/12 310/7/7 190/16/16
f 310/7/7 126/19/19 125/17/17
f 313/20/20 312/21/21 318/22/22
f 315/23/23 312/21/21 314/24/24
f 318/22/22 316/25/25 317/26/26
f 8/27/27 313/20/20 236/28/28
f 213/29/29 313/20/20 212/30/30
f 236/28/28 318/22/22 237/31/31
f 1/32/32 315/23/23 214/33/33
f 61/34/34 316/25/25 315/23/23
f 214/33/33 314/24/24 213/29/29
f 238/35/35 59/36/36 29/37/37
f 237/31/31 317/26/26 238/35/35
f 317/26/26 60/38/38 59/36/36
f 321/39/39 325/40/40 320/41/41
f 322/42/42 319/43/43 321/39/39
f 325/40/40 323/44/44 324/45/45
f 250/46/46 49/47/27 10/48/27
f 249/49/47 320/41/41 250/46/46
f 320/41/41 48/50/27 49/47/27
f 24/51/48 322/42/42 248/52/49
f 226/53/50 323/44/44 322/42/42
f 248/52/49 321/39/39 249/49/47
f 47/54/27 224/55/51 11/56/27
f 48/50/27 324/45/45 47/54/27
f 324/45/45 225/57/52 224/55/51
f 327/58/53 326/59/54 332/60/55
f 330/61/56 328/62/57 329/63/58
f 331/64/59 326/59/54 330/61/56
f 6/65/27 327/58/53 217/66/60
f 229/67/61 328/62/57 327/58/53
f 327/58/53 216/68/62 217/66/60
f 166/69/63 227/70/64 27/71/65
f 165/72/66 329/63/58 166/69/63
f 329/63/58 228/73/67 227/70/64
f 12/74/68 331/64/59 164/75/69
f 215/76/70 332/60/55 331/64/59
f 164/75/69 330/61/56 165/72/66
f 335/77/71 339/78/72 334/79/73
f 336/80/74 333/81/75 335/77/71
f 338/82/76 333/81/75 337/83/77
f 137/84/78 191/85/79 19/18/18
f 138/86/80 334/79/73 137/84/78
f 334/79/73 192/87/81 191/85/79
f 22/88/82 336/80/74 139/89/83
f 133/90/84 337/83/77 336/80/74
f 139/89/83 335/77/71 138/86/80
f 14/91/85 338/82/76 131/92/86
f 193/93/87 339/78/72 338/82/76
f 131/92/86 337/83/77 132/94/88
f 341/95/89 340/96/90 346/97/91
f 343/98/92 340/96/90 342/99/93
f 346/97/91 344/100/94 345/101/95
f 11/56/27 341/95/89 221/102/96
f 120/103/97 341/95/89 119/104/98
f 221/102/96 346/97/91 222/105/99
f 30/106/100 343/98/92 121/107/101
f 272/108/102 344/100/94 343/98/92
f 121/107/101 342/99/93 120/103/97
f 223/109/103 274/110/104 23/111/105
f 222/105/99 345/101/95 223/109/103
f 345/101/95 273/112/106 274/110/104
f 348/113/107 347/114/108 353/115/109
f 351/116/110 349/117/111 350/118/112
f 352/119/113 347/114/108 351/116/110
f 164/75/69 290/120/114 12/74/68
f 165/72/66 348/113/107 164/75/69
f 348/113/107 291/121/115 290/120/114
f 301/122/116 166/69/63 27/71/65
f 300/123/117 350/118/112 301/122/116
f 350/118/112 165/72/66 166/69/63
f 33/124/118 352/119/113 299/125/119
f 292/126/120 353/115/109 352/119/113
f 299/125/119 351/116/110 300/123/117
f 355/127/121 354/128/122 360/129/123
f 357/130/124 354/128/122 356/131/125
f 360/129/123 358/132/126 359/133/127
f 16/134/128 355/127/121 194/135/129
f 109/136/130 356/131/125 355/127/121
f 194/135/129 360/129/123 195/137/131
f 110/138/132 107/139/133 18/140/134
f 110/138/132 358/132/126 357/130/124
f 357/130/124 108/141/135 107/139/133
f 196/142/136 112/143/137 17/144/138
f 195/137/131 359/133/127 196/142/136
f 359/133/127 111/145/139 112/143/137
f 362/146/140 361/147/141 367/148/142
f 364/149/143 361/147/141 363/150/144
f 367/148/142 365/151/145 366/152/146
f 7/153/147 362/146/140 101/154/148
f 155/155/149 363/150/144 362/146/140
f 101/154/148 367/148/142 102/156/150
f 163/157/151 157/158/152 26/159/153
f 162/160/154 364/149/143 163/157/151
f 364/149/143 156/161/155 157/158/152
f 103/162/156 161/163/157 16/134/128
f 102/156/150 366/152/146 103/162/156
f 366/152/146 162/160/154 161/163/157
f 370/164/158 374/165/159 369/166/160
f 371/167/161 368/168/162 370/164/158
f 373/169/163 368/168/162 372/170/164
f 202/171/165 149/172/166 4/173/167
f 201/174/168 369/166/160 202/171/165
f 369/166/160 150/175/169 149/172/166
f 242/176/170 200/177/171 18/140/134
f 243/178/172 371/167/161 242/176/170
f 200/177/171 370/164/158 201/174/168
f 151/179/173 244/180/174 25/181/175
f 151/179/173 374/165/159 373/169/163
f 244/180/174 372/170/164 243/178/172
f 376/182/176 375/183/177 381/184/178
f 379/185/179 377/186/180 378/187/181
f 381/184/178 379/185/179 380/188/182
f 24/51/48 376/182/176 148/189/183
f 154/190/184 377/186/180 376/182/176
f 148/189/183 381/184/178 147/191/185
f 260/192/186 152/193/187 25/181/175
f 261/194/188 378/187/181 260/192/186
f 378/187/181 153/195/189 152/193/187
f 146/196/190 262/197/191 3/198/192
f 147/191/185 380/188/182 146/196/190
f 380/188/182 261/194/188 262/197/191
f 383/199/193 382/200/194 388/201/195
f 386/202/196 384/203/197 385/204/198
f 388/201/195 386/202/196 387/205/199
f 23/111/105 383/199/193 142/206/200
f 62/207/201 384/203/197 383/199/193
f 142/206/200 388/201/195 141/208/202
f 266/209/203 64/210/204 3/198/192
f 267/211/205 385/204/198 266/209/203
f 385/204/198 63/212/206 64/210/204
f 140/213/207 268/214/208 22/88/82
f 141/208/202 387/205/199 140/213/207
f 387/205/199 267/211/205 268/214/208
f 390/215/209 389/216/210 395/217/211
f 392/218/212 389/216/210 391/219/213
f 395/217/211 393/220/214 394/221/215
f 5/222/216 390/215/209 97/223/217
f 144/224/218 390/215/209 145/225/219
f 97/223/217 395/217/211 96/226/220
f 28/227/221 392/218/212 143/228/222
f 269/229/223 393/220/214 392/218/212
f 143/228/222 391/219/213 144/224/218
f 95/230/224 271/231/225 15/232/226
f 96/226/220 394/221/215 95/230/224
f 394/221/215 270/233/227 271/231/225
f 396/234/228 400/235/229 399/236/230
f 397/237/231 401/238/232 400/235/229
f 399/236/230 403/239/233 402/240/234
f 400/235/229 404/241/235 403/239/233
f 100/242/236 94/243/237 15/232/226
f 100/242/236 397/237/231 396/234/228
f 99/244/238 398/245/239 397/237/231
f 98/246/240 287/247/241 398/245/239
f 398/245/239 288/248/242 401/238/232
f 401/238/232 289/249/243 404/241/235
f 404/241/235 32/250/244 302/251/245
f 403/239/233 302/251/245 303/252/246
f 402/240/234 303/252/246 304/253/247
f 92/254/248 304/253/247 33/124/118
f 93/255/249 402/240/234 92/254/248
f 396/234/228 93/255/249 94/243/237
f 406/256/250 405/257/251 411/258/252
f 409/259/253 407/260/254 408/261/255
f 410/262/256 405/257/251 409/259/253
f 113/263/257 242/176/170 18/140/134
f 113/263/257 407/260/254 406/256/250
f 242/176/170 411/258/252 243/178/172
f 199/264/258 115/265/259 13/266/260
f 198/267/261 408/261/255 199/264/258
f 408/261/255 114/268/262 115/265/259
f 244/180/174 197/269/263 25/181/175
f 243/178/172 410/262/256 244/180/174
f 410/262/256 198/267/261 197/269/263
f 413/270/264 412/271/265 418/272/266
f 415/273/267 412/271/265 414/274/268
f 418/272/266 416/275/269 417/276/270
f 284/277/271 113/263/257 18/140/134
f 285/278/272 413/270/264 284/277/271
f 413/270/264 114/268/262 113/263/257
f 71/279/273 286/280/274 31/281/275
f 71/279/273 416/275/269 415/273/267
f 286/280/274 414/274/268 285/278/272
f 115/265/259 73/282/276 13/266/260
f 114/268/262 417/276/270 115/265/259
f 417/276/270 72/283/277 73/282/276
f 420/284/278 419/285/279 425/286/280
f 422/287/281 419/285/279 421/288/282
f 425/286/280 423/289/283 424/290/284
f 91/291/285 124/292/286 1/32/32
f 91/291/285 421/288/282 420/284/278
f 124/292/286 425/286/280 123/293/287
f 239/294/288 89/295/289 22/88/82
f 239/294/288 423/289/283 422/287/281
f 422/287/281 90/296/290 89/295/289
f 122/297/291 241/298/292 21/13/13
f 123/293/287 424/290/284 122/297/291
f 424/290/284 240/299/293 241/298/292
f 427/300/294 426/301/295 432/302/296
f 429/303/297 426/301/295 428/304/298
f 432/302/296 430/305/299 431/306/300
f 23/111/105 427/300/294 136/307/301
f 141/208/202 427/300/294 142/206/200
f 136/307/301 432/302/296 135/308/302
f 22/88/82 429/303/297 140/213/207
f 89/295/289 430/305/299 429/303/297
f 140/213/207 428/304/298 141/208/202
f 134/309/303 91/291/285 1/32/32
f 135/308/302 431/306/300 134/309/303
f 431/306/300 90/296/290 91/291/285
f 435/310/304 439/311/305 434/312/306
f 436/313/307 433/314/308 435/310/304
f 439/311/305 437/315/309 438/316/310
f 181/317/311 178/318/312 29/37/37
f 180/319/313 434/312/306 181/317/311
f 178/318/312 439/311/305 177/320/314
f 28/227/221 436/313/307 179/321/315
f 143/228/222 437/315/309 436/313/307
f 179/321/315 435/310/304 180/319/313
f 176/322/316 145/225/219 5/222/216
f 177/320/314 438/316/310 176/322/316
f 438/316/310 144/224/218 145/225/219
f 441/323/317 440/324/318 446/325/319
f 443/326/320 440/324/318 442/327/321
f 446/325/319 444/328/322 445/329/323
f 152/193/187 151/179/173 25/181/175
f 152/193/187 442/327/321 441/323/317
f 151/179/173 446/325/319 150/175/169
f 24/51/48 443/326/320 154/190/184
f 65/330/324 444/328/322 443/326/320
f 443/326/320 153/195/189 154/190/184
f 149/172/166 67/331/325 4/173/167
f 150/175/169 445/329/323 149/172/166
f 445/329/323 66/332/326 67/331/325
f 449/333/327 453/334/328 448/335/329
f 450/336/330 447/337/331 449/333/327
f 452/338/332 447/337/331 451/339/333
f 160/340/334 52/341/335 12/74/68
f 159/342/336 448/335/329 160/340/334
f 448/335/329 51/343/337 52/341/335
f 32/250/244 450/336/330 158/344/338
f 298/345/339 451/339/333 450/336/330
f 158/344/338 449/333/327 159/342/336
f 50/346/340 296/347/341 34/348/342
f 51/343/337 452/338/332 50/346/340
f 452/338/332 297/349/343 296/347/341
f 455/350/344 454/351/345 460/352/346
f 458/353/347 456/354/348 457/355/349
f 459/356/350 454/351/345 458/353/347
f 77/357/351 100/242/236 15/232/226
f 77/357/351 456/354/348 455/350/344
f 100/242/236 460/352/346 99/244/238
f 263/358/352 79/359/353 13/266/260
f 264/360/354 457/355/349 263/358/352
f 457/355/349 78/361/355 79/359/353
f 98/246/240 265/362/356 26/159/153
f 99/244/238 459/356/350 98/246/240
f 265/362/356 458/353/347 264/360/354
f 463/363/357 467/364/358 462/365/359
f 464/366/360 461/367/361 463/363/357
f 467/364/358 465/368/362 466/369/363
f 167/370/364 95/230/224 15/232/226
f 168/371/365 462/365/359 167/370/364
f 462/365/359 96/226/220 95/230/224
f 27/71/65 464/366/360 169/372/366
f 53/373/367 465/368/362 464/366/360
f 169/372/366 463/363/357 168/371/365
f 97/223/217 55/374/368 5/222/216
f 96/226/220 466/369/363 97/223/217
f 466/369/363 54/375/369 55/374/368
f 470/376/370 474/377/371 469/378/372
f 471/379/373 468/380/374 470/376/370
f 474/377/371 472/381/375 473/382/376
f 130/14/14 170/383/377 21/13/13
f 129/11/11 469/378/372 130/14/14
f 170/383/377 474/377/371 171/384/378
f 20/10/10 471/379/373 128/8/8
f 173/385/379 472/381/375 471/379/373
f 128/8/8 470/376/370 129/11/11
f 172/386/380 175/387/381 28/227/221
f 171/384/378 473/382/376 172/386/380
f 473/382/376 174/388/382 175/387/381
f 477/389/383 481/390/384 476/391/385
f 479/392/386 477/389/383 478/393/387
f 480/394/388 475/395/389 479/392/386
f 170/383/377 182/396/390 21/13/13
f 171/384/378 476/391/385 170/383/377
f 476/391/385 183/397/391 182/396/390
f 179/321/315 172/386/380 28/227/221
f 180/319/313 478/393/387 179/321/315
f 478/393/387 171/384/378 172/386/380
f 29/37/37 480/394/388 181/317/311
f 184/398/392 481/390/384 480/394/388
f 181/317/311 479/392/386 180/319/313
f 484/399/393 488/400/394 483/401/395
f 485/402/396 482/403/397 484/399/393
f 487/404/398 482/403/397 486/405/399
f 124/292/286 61/34/34 1/32/32
f 123/293/287 483/401/395 124/292/286
f 483/401/395 60/38/38 61/34/34
f 21/13/13 485/402/396 122/297/291
f 182/396/390 486/405/399 485/402/396
f 122/297/291 484/399/393 123/293/287
f 59/36/36 184/398/392 29/37/37
f 59/36/36 488/400/394 487/404/398
f 487/404/398 183/397/391 184/398/392
f 490/406/400 489/407/401 495/408/402
f 493/409/403 491/410/404 492/411/405
f 494/412/406 489/407/401 493/409/403
f 79/359/353 76/413/407 13/266/260
f 79/359/353 491/410/404 490/406/400
f 490/406/400 75/414/408 76/413/407
f 185/415/409 77/357/351 15/232/226
f 186/416/410 492/411/405 185/415/409
f 492/411/405 78/361/355 77/357/351
f 74/417/411 187/418/412 20/10/10
f 74/417/411 495/408/402 494/412/406
f 187/418/412 493/409/403 186/416/410
f 498/419/413 502/420/414 497/421/415
f 500/422/416 498/419/413 499/423/417
f 501/424/418 496/425/419 500/422/416
f 76/413/407 116/426/420 13/266/260
f 75/414/408 497/421/415 76/413/407
f 497/421/415 117/427/421 116/426/420
f 188/9/9 74/417/411 20/10/10
f 189/12/12 499/423/417 188/9/9
f 499/423/417 75/414/408 74/417/411
f 19/18/18 501/424/418 190/16/16
f 118/428/422 502/420/414 501/424/418
f 190/16/16 500/422/416 189/12/12
f 504/429/423 503/430/424 509/431/425
f 506/432/426 503/430/424 505/433/427
f 509/431/425 507/434/428 508/435/429
f 116/426/420 83/436/430 13/266/260
f 116/426/420 505/433/427 504/429/423
f 83/436/430 509/431/425 84/437/431
f 19/18/18 506/432/426 118/428/422
f 191/85/79 507/434/428 506/432/426
f 506/432/426 117/427/421 118/428/422
f 85/438/432 193/93/87 14/91/85
f 84/437/431 508/435/429 85/438/432
f 508/435/429 192/87/81 193/93/87
f 512/439/433 516/440/434 511/441/435
f 513/442/436 510/443/437 512/439/433
f 515/444/438 510/443/437 514/445/439
f 101/154/148 58/446/440 7/153/147
f 102/156/150 511/441/435 101/154/148
f 511/441/435 57/447/441 58/446/440
f 16/134/128 513/442/436 103/162/156
f 194/135/129 514/445/439 513/442/436
f 103/162/156 512/439/433 102/156/150
f 56/448/442 196/142/136 17/144/138
f 56/448/442 516/440/434 515/444/438
f 515/444/438 195/137/131 196/142/136
f 518/449/443 517/450/444 523/451/445
f 520/452/446 517/450/444 519/453/447
f 523/451/445 521/454/448 522/455/449
f 14/91/85 518/449/443 85/438/432
f 88/456/450 519/453/447 518/449/443
f 85/438/432 523/451/445 84/437/431
f 197/269/263 86/457/451 25/181/175
f 197/269/263 521/454/448 520/452/446
f 520/452/446 87/458/452 86/457/451
f 83/436/430 199/264/258 13/266/260
f 84/437/431 522/455/449 83/436/430
f 522/455/449 198/267/261 199/264/258
f 525/459/453 524/460/454 530/461/455
f 528/462/456 526/463/457 527/464/458
f 529/465/459 524/460/454 528/462/456
f 112/143/137 106/466/460 17/144/138
f 112/143/137 526/463/457 525/459/453
f 106/466/460 530/461/455 105/467/461
f 200/177/171 110/138/132 18/140/134
f 201/174/168 527/464/458 200/177/171
f 527/464/458 111/145/139 110/138/132
f 104/468/462 202/171/165 4/173/167
f 105/467/461 529/465/459 104/468/462
f 202/171/165 528/462/456 201/174/168
f 533/469/463 537/470/464 532/471/465
f 534/472/466 531/473/467 533/469/463
f 536/474/468 531/473/467 535/475/469
f 253/476/470 70/477/27 6/65/27
f 252/478/471 532/471/465 253/476/470
f 532/471/465 69/479/27 70/477/27
f 7/153/147 534/472/466 251/480/472
f 208/481/473 535/475/469 534/472/466
f 251/480/472 533/469/463 252/478/471
f 68/482/27 206/483/474 2/484/27
f 68/482/27 537/470/464 536/474/468
f 536/474/468 207/485/475 206/483/474
f 539/486/476 538/487/477 544/488/478
f 541/489/479 538/487/477 540/490/480
f 544/488/478 542/491/481 543/492/482
f 2/484/27 539/486/476 257/493/483
f 207/485/475 539/486/476 206/483/474
f 257/493/483 544/488/478 258/494/484
f 58/446/440 208/481/473 7/153/147
f 58/446/440 542/491/481 541/489/479
f 541/489/479 207/485/475 208/481/473
f 259/495/485 56/448/442 17/144/138
f 258/494/484 543/492/482 259/495/485
f 543/492/482 57/447/441 56/448/442
f 547/496/486 551/497/487 546/498/488
f 549/499/489 547/496/486 548/500/490
f 550/501/491 545/502/492 549/499/489
f 44/503/27 245/504/493 8/27/27
f 45/505/27 546/498/488 44/503/27
f 546/498/488 246/506/494 245/504/493
f 221/102/96 46/507/27 11/56/27
f 222/105/99 548/500/490 221/102/96
f 548/500/490 45/505/27 46/507/27
f 23/111/105 550/501/491 223/109/103
f 247/508/495 551/497/487 550/501/491
f 223/109/103 549/499/489 222/105/99
f 553/509/496 552/510/497 558/511/498
f 556/512/499 554/513/500 555/514/501
f 558/511/498 556/512/499 557/515/502
f 3/198/192 553/509/496 146/196/190
f 205/516/503 554/513/500 553/509/496
f 146/196/190 558/511/498 147/191/185
f 277/517/504 203/518/505 30/106/100
f 276/519/506 555/514/501 277/517/504
f 555/514/501 204/520/507 203/518/505
f 148/189/183 275/521/508 24/51/48
f 147/191/185 557/515/502 148/189/183
f 275/521/508 556/512/499 276/519/506
f 560/522/509 559/523/510 565/524/511
f 562/525/512 559/523/510 561/526/513
f 565/524/511 563/527/514 564/528/515
f 9/529/516 560/522/509 230/530/517
f 219/531/518 560/522/509 220/532/519
f 230/530/517 565/524/511 231/533/520
f 5/222/216 562/525/512 218/534/521
f 55/374/368 563/527/514 562/525/512
f 218/534/521 561/526/513 219/531/518
f 232/535/522 53/373/367 27/71/65
f 231/533/520 564/528/515 232/535/522
f 564/528/515 54/375/369 53/373/367
f 568/536/523 572/537/524 567/538/525
f 570/539/526 568/536/523 569/540/527
f 571/541/528 566/542/529 570/539/526
f 35/543/27 229/67/61 6/65/27
f 36/544/530 567/538/525 35/543/27
f 567/538/525 228/73/67 229/67/61
f 230/530/517 37/545/531 9/529/516
f 231/533/520 569/540/527 230/530/517
f 569/540/527 36/544/530 37/545/531
f 27/71/65 571/541/528 232/535/522
f 227/70/64 572/537/524 571/541/528
f 232/535/522 570/539/526 231/533/520
f 574/546/532 573/547/533 579/548/534
f 576/549/535 573/547/533 575/550/536
f 579/548/534 577/551/537 578/552/538
f 5/222/216 574/546/532 176/322/316
f 218/534/521 575/550/536 574/546/532
f 176/322/316 579/548/534 177/320/314
f 9/529/516 576/549/535 220/532/519
f 233/553/539 577/551/537 576/549/535
f 576/549/535 219/531/518 220/532/519
f 178/318/312 235/554/540 29/37/37
f 177/320/314 578/552/538 178/318/312
f 578/552/538 234/555/541 235/554/540
f 582/556/542 586/557/543 581/558/544
f 584/559/545 582/556/542 583/560/546
f 585/561/547 580/562/548 584/559/545
f 41/563/549 233/553/539 9/529/516
f 42/564/28 581/558/544 41/563/549
f 581/558/544 234/555/541 233/553/539
f 236/28/28 43/565/27 8/27/27
f 237/31/31 583/560/546 236/28/28
f 583/560/546 42/564/28 43/565/27
f 29/37/37 585/561/547 238/35/35
f 235/554/540 586/557/543 585/561/547
f 238/35/35 584/559/545 237/31/31
f 589/566/550 593/567/551 588/568/552
f 590/569/553 587/570/554 589/566/550
f 592/571/555 587/570/554 591/572/556
f 139/89/83 239/294/288 22/88/82
f 138/86/80 588/568/552 139/89/83
f 588/568/552 240/299/293 239/294/288
f 19/18/18 590/569/553 137/84/78
f 125/17/17 591/572/556 590/569/553
f 137/84/78 589/566/550 138/86/80
f 241/298/292 127/15/15 21/13/13
f 241/298/292 593/567/551 592/571/555
f 592/571/555 126/19/19 127/15/15
f 595/573/557 594/574/558 600/575/559
f 597/576/560 594/574/558 596/577/561
f 600/575/559 598/578/562 599/579/563
f 1/32/32 595/573/557 134/309/303
f 214/33/33 596/577/561 595/573/557
f 134/309/303 600/575/559 135/308/302
f 245/504/493 212/30/30 8/27/27
f 245/504/493 598/578/562 597/576/560
f 597/576/560 213/29/29 212/30/30
f 136/307/301 247/508/495 23/111/105
f 135/308/302 599/579/563 136/307/301
f 599/579/563 246/506/494 247/508/495
f 602/580/564 601/581/565 607/582/566
f 604/583/567 601/581/565 603/584/568
f 607/582/566 605/585/569 606/586/570
f 10/48/27 602/580/564 250/46/46
f 210/587/571 602/580/564 209/588/572
f 250/46/46 607/582/566 249/49/47
f 4/173/167 604/583/567 211/589/573
f 67/331/325 605/585/569 604/583/567
f 211/589/573 603/584/568 210/587/571
f 248/52/49 65/330/324 24/51/48
f 249/49/47 606/586/570 248/52/49
f 606/586/570 66/332/326 65/330/324
f 608/590/574 612/591/575 611/592/576
f 609/593/577 613/594/578 612/591/575
f 611/592/576 615/595/579 614/596/580
f 612/591/575 616/597/581 615/595/579
f 6/65/27 608/590/574 253/476/470
f 216/68/62 608/590/574 217/66/60
f 215/76/70 609/593/577 216/68/62
f 12/74/68 610/598/582 215/76/70
f 610/598/582 51/343/337 613/594/578
f 613/594/578 50/346/340 616/597/581
f 616/597/581 34/348/342 295/599/583
f 615/595/579 295/599/583 294/600/584
f 614/596/580 294/600/584 293/601/585
f 251/480/472 293/601/585 7/153/147
f 252/478/471 614/596/580 251/480/472
f 253/476/470 611/592/576 252/478/471
f 619/602/586 623/603/587 618/604/588
f 620/605/589 617/606/590 619/602/586
f 622/607/591 617/606/590 621/608/592
f 106/466/460 256/609/593 17/144/138
f 105/467/461 618/604/588 106/466/460
f 618/604/588 255/610/594 256/609/593
f 4/173/167 620/605/589 104/468/462
f 211/589/573 621/608/592 620/605/589
f 104/468/462 619/602/586 105/467/461
f 10/48/27 622/607/591 209/588/572
f 254/611/595 623/603/587 622/607/591
f 622/607/591 210/587/571 209/588/572
f 626/612/596 630/613/597 625/614/598
f 628/615/599 626/612/596 627/616/600
f 629/617/601 624/618/602 628/615/599
f 38/619/27 254/611/595 10/48/27
f 39/620/27 625/614/598 38/619/27
f 625/614/598 255/610/594 254/611/595
f 257/493/483 40/621/27 2/484/27
f 258/494/484 627/616/600 257/493/483
f 627/616/600 39/620/27 40/621/27
f 17/144/138 629/617/601 259/495/485
f 256/609/593 630/613/597 629/617/601
f 259/495/485 628/615/599 258/494/484
f 632/622/603 631/623/604 637/624/605
f 634/625/606 631/623/604 633/626/607
f 637/624/605 635/627/608 636/628/609
f 86/457/451 260/192/186 25/181/175
f 86/457/451 633/626/607 632/622/603
f 260/192/186 637/624/605 261/194/188
f 80/629/610 88/456/450 14/91/85
f 80/629/610 635/627/608 634/625/606
f 634/625/606 87/458/452 88/456/450
f 262/197/191 82/630/611 3/198/192
f 261/194/188 636/628/609 262/197/191
f 636/628/609 81/631/612 82/630/611
f 640/632/613 644/633/614 639/634/615
f 641/635/616 638/636/617 640/632/613
f 644/633/614 642/637/618 643/638/619
f 73/282/276 263/358/352 13/266/260
f 72/283/277 639/634/615 73/282/276
f 263/358/352 644/633/614 264/360/354
f 31/281/275 641/635/616 71/279/273
f 281/639/620 642/637/618 641/635/616
f 71/279/273 640/632/613 72/283/277
f 265/362/356 283/640/621 26/159/153
f 264/360/354 643/638/619 265/362/356
f 643/638/619 282/641/622 283/640/621
f 647/642/623 651/643/624 646/644/625
f 648/645/626 645/646/627 647/642/623
f 650/647/628 645/646/627 649/648/629
f 82/630/611 266/209/203 3/198/192
f 81/631/612 646/644/625 82/630/611
f 646/644/625 267/211/205 266/209/203
f 131/92/86 80/629/610 14/91/85
f 131/92/86 649/648/629 648/645/626
f 80/629/610 647/642/623 81/631/612
f 268/214/208 133/90/84 22/88/82
f 267/211/205 650/647/628 268/214/208
f 650/647/628 132/94/88 133/90/84
f 653/649/630 652/650/631 658/651/632
f 655/652/633 652/650/631 654/653/634
f 658/651/632 656/654/635 657/655/636
f 175/387/381 269/229/223 28/227/221
f 175/387/381 654/653/634 653/649/630
f 653/649/630 270/233/227 269/229/223
f 187/418/412 173/385/379 20/10/10
f 187/418/412 656/654/635 655/652/633
f 655/652/633 174/388/382 173/385/379
f 271/231/225 185/415/409 15/232/226
f 271/231/225 658/651/632 657/655/636
f 657/655/636 186/416/410 185/415/409
f 661/656/637 665/657/638 660/658/639
f 663/659/640 661/656/637 662/660/641
f 664/661/642 659/662/643 663/659/640
f 274/110/104 62/207/201 23/111/105
f 274/110/104 661/656/637 660/658/639
f 660/658/639 63/212/206 62/207/201
f 203/518/505 272/108/102 30/106/100
f 204/520/507 662/660/641 203/518/505
f 662/660/641 273/112/106 272/108/102
f 3/198/192 664/661/642 205/516/503
f 64/210/204 665/657/638 664/661/642
f 205/516/503 663/659/640 204/520/507
f 668/663/644 672/664/645 667/665/646
f 669/666/647 666/667/648 668/663/644
f 671/668/649 666/667/648 670/669/650
f 275/521/508 226/53/50 24/51/48
f 276/519/506 667/665/646 275/521/508
f 667/665/646 225/57/52 226/53/50
f 30/106/100 669/666/647 277/517/504
f 121/107/101 670/669/650 669/666/647
f 277/517/504 668/663/644 276/519/506
f 11/56/27 671/668/649 119/104/98
f 224/55/51 672/664/645 671/668/649
f 671/668/649 120/103/97 119/104/98
f 674/670/651 673/671/652 679/672/653
f 676/673/654 673/671/652 675/674/655
f 678/675/656 673/671/652 677/676/657
f 283/640/621 163/157/151 26/159/153
f 283/640/621 675/674/655 674/670/651
f 674/670/651 162/160/154 163/157/151
f 280/677/658 281/639/620 31/281/275
f 279/678/659 676/673/654 280/677/658
f 676/673/654 282/641/622 281/639/620
f 161/163/157 278/679/660 16/134/128
f 161/163/157 679/672/653 678/675/656
f 278/679/660 677/676/657 279/678/659
f 681/680/661 680/681/662 686/682/663
f 683/683/664 680/681/662 682/684/665
f 686/682/663 684/685/666 685/686/667
f 31/281/275 681/680/661 280/677/658
f 285/278/272 681/680/661 286/280/274
f 280/677/658 686/682/663 279/678/659
f 18/140/134 683/683/664 284/277/271
f 107/139/133 684/685/666 683/683/664
f 284/277/271 682/684/665 285/278/272
f 278/679/660 109/136/130 16/134/128
f 279/678/659 685/686/667 278/679/660
f 685/686/667 108/141/135 109/136/130
f 687/687/668 691/688/669 690/689/670
f 688/690/671 692/691/672 691/688/669
f 690/689/670 694/692/673 693/693/674
f 691/688/669 695/694/675 694/692/673
f 296/347/341 295/599/583 34/348/342
f 296/347/341 688/690/671 687/687/668
f 297/349/343 689/695/676 688/690/671
f 298/345/339 289/249/243 689/695/676
f 689/695/676 288/248/242 692/691/672
f 692/691/672 287/247/241 695/694/675
f 695/694/675 26/159/153 157/158/152
f 694/692/673 157/158/152 156/161/155
f 693/693/674 156/161/155 155/155/149
f 293/601/585 155/155/149 7/153/147
f 690/689/670 293/601/585 294/600/584
f 687/687/668 294/600/584 295/599/583
f 697/696/677 696/697/678 702/698/679
f 700/699/680 698/700/681 699/701/682
f 701/702/683 696/697/678 700/699/680
f 33/124/118 697/696/677 92/254/248
f 299/125/119 698/700/681 697/696/677
f 92/254/248 702/698/679 93/255/249
f 169/372/366 301/122/116 27/71/65
f 168/371/365 699/701/682 169/372/366
f 699/701/682 300/123/117 301/122/116
f 15/232/226 701/702/683 167/370/364
f 94/243/237 702/698/679 701/702/683
f 167/370/364 700/699/680 168/371/365
f 704/703/684 703/704/685 709/705/686
f 707/706/687 705/707/688 706/708/689
f 708/709/690 703/704/685 707/706/687
f 33/124/118 704/703/684 292/126/120
f 304/253/247 705/707/688 704/703/684
f 704/703/684 291/121/115 292/126/120
f 158/344/338 302/251/245 32/250/244
f 159/342/336 706/708/689 158/344/338
f 706/708/689 303/252/246 302/251/245
f 12/74/68 708/709/690 160/340/334
f 290/120/114 709/705/686 708/709/690
f 160/340/334 707/706/687 159/342/336
f 307/1/1 305/5/5 311/2/2
f 308/4/4 309/6/6 305/5/5
f 311/2/2 305/5/5 309/6/6
f 128/8/8 306/3/3 188/9/9
f 129/11/11 307/1/1 306/3/3
f 188/9/9 306/3/3 311/2/2
f 21/13/13 127/15/15 308/4/4
f 127/15/15 126/19/19 309/6/6
f 130/14/14 308/4/4 307/1/1
f 190/16/16 310/7/7 125/17/17
f 189/12/12 311/2/2 310/7/7
f 310/7/7 309/6/6 126/19/19
f 313/20/20 314/24/24 312/21/21
f 315/23/23 316/25/25 312/21/21
f 318/22/22 312/21/21 316/25/25
f 8/27/27 212/30/30 313/20/20
f 213/29/29 314/24/24 313/20/20
f 236/28/28 313/20/20 318/22/22
f 1/32/32 61/34/34 315/23/23
f 61/34/34 60/38/38 316/25/25
f 214/33/33 315/23/23 314/24/24
f 238/35/35 317/26/26 59/36/36
f 237/31/31 318/22/22 317/26/26
f 317/26/26 316/25/25 60/38/38
f 321/39/39 319/43/43 325/40/40
f 322/42/42 323/44/44 319/43/43
f 325/40/40 319/43/43 323/44/44
f 250/46/46 320/41/41 49/47/27
f 249/49/47 321/39/39 320/41/41
f 320/41/41 325/40/40 48/50/27
f 24/51/48 226/53/50 322/42/42
f 226/53/50 225/57/52 323/44/44
f 248/52/49 322/42/42 321/39/39
f 47/54/27 324/45/45 224/55/51
f 48/50/27 325/40/40 324/45/45
f 324/45/45 323/44/44 225/57/52
f 327/58/53 328/62/57 326/59/54
f 330/61/56 326/59/54 328/62/57
f 331/64/59 332/60/55 326/59/54
f 6/65/27 229/67/61 327/58/53
f 229/67/61 228/73/67 328/62/57
f 327/58/53 332/60/55 216/68/62
f 166/69/63 329/63/58 227/70/64
f 165/72/66 330/61/56 329/63/58
f 329/63/58 328/62/57 228/73/67
f 12/74/68 215/76/70 331/64/59
f 215/76/70 216/68/62 332/60/55
f 164/75/69 331/64/59 330/61/56
f 335/77/71 333/81/75 339/78/72
f 336/80/74 337/83/77 333/81/75
f 338/82/76 339/78/72 333/81/75
f 137/84/78 334/79/73 191/85/79
f 138/86/80 335/77/71 334/79/73
f 334/79/73 339/78/72 192/87/81
f 22/88/82 133/90/84 336/80/74
f 133/90/84 132/94/88 337/83/77
f 139/89/83 336/80/74 335/77/71
f 14/91/85 193/93/87 338/82/76
f 193/93/87 192/87/81 339/78/72
f 131/92/86 338/82/76 337/83/77
f 341/95/89 342/99/93 340/96/90
f 343/98/92 344/100/94 340/96/90
f 346/97/91 340/96/90 344/100/94
f 11/56/27 119/104/98 341/95/89
f 120/103/97 342/99/93 341/95/89
f 221/102/96 341/95/89 346/97/91
f 30/106/100 272/108/102 343/98/92
f 272/108/102 273/112/106 344/100/94
f 121/107/101 343/98/92 342/99/93
f 223/109/103 345/101/95 274/110/104
f 222/105/99 346/97/91 345/101/95
f 345/101/95 344/100/94 273/112/106
f 348/113/107 349/117/111 347/114/108
f 351/116/110 347/114/108 349/117/111
f 352/119/113 353/115/109 347/114/108
f 164/75/69 348/113/107 290/120/114
f 165/72/66 349/117/111 348/113/107
f 348/113/107 353/115/109 291/121/115
f 301/122/116 350/118/112 166/69/63
f 300/123/117 351/116/110 350/118/112
f 350/118/112 349/117/111 165/72/66
f 33/124/118 292/126/120 352/119/113
f 292/126/120 291/121/115 353/115/109
f 299/125/119 352/119/113 351/116/110
f 355/127/121 356/131/125 354/128/122
f 357/130/124 358/132/126 354/128/122
f 360/129/123 354/128/122 358/132/126
f 16/134/128 109/136/130 355/127/121
f 109/136/130 108/141/135 356/131/125
f 194/135/129 355/127/121 360/129/123
f 110/138/132 357/130/124 107/139/133
f 110/138/132 111/145/139 358/132/126
f 357/130/124 356/131/125 108/141/135
f 196/142/136 359/133/127 112/143/137
f 195/137/131 360/129/123 359/133/127
f 359/133/127 358/132/126 111/145/139
f 362/146/140 363/150/144 361/147/141
f 364/149/143 365/151/145 361/147/141
f 367/148/142 361/147/141 365/151/145
f 7/153/147 155/155/149 362/146/140
f 155/155/149 156/161/155 363/150/144
f 101/154/148 362/146/140 367/148/142
f 163/157/151 364/149/143 157/158/152
f 162/160/154 365/151/145 364/149/143
f 364/149/143 363/150/144 156/161/155
f 103/162/156 366/152/146 161/163/157
f 102/156/150 367/148/142 366/152/146
f 366/152/146 365/151/145 162/160/154
f 370/164/158 368/168/162 374/165/159
f 371/167/161 372/170/164 368/168/162
f 373/169/163 374/165/159 368/168/162
f 202/171/165 369/166/160 149/172/166
f 201/174/168 370/164/158 369/166/160
f 369/166/160 374/165/159 150/175/169
f 242/176/170 371/167/161 200/177/171
f 243/178/172 372/170/164 371/167/161
f 200/177/171 371/167/161 370/164/158
f 151/179/173 373/169/163 244/180/174
f 151/179/173 150/175/169 374/165/159
f 244/180/174 373/169/163 372/170/164
f 376/182/176 377/186/180 375/183/177
f 379/185/179 375/183/177 377/186/180
f 381/184/178 375/183/177 379/185/179
f 24/51/48 154/190/184 376/182/176
f 154/190/184 153/195/189 377/186/180
f 148/189/183 376/182/176 381/184/178
f 260/192/186 378/187/181 152/193/187
f 261/194/188 379/185/179 378/187/181
f 378/187/181 377/186/180 153/195/189
f 146/196/190 380/188/182 262/197/191
f 147/191/185 381/184/178 380/188/182
f 380/188/182 379/185/179 261/194/188
f 383/199/193 384/203/197 382/200/194
f 386/202/196 382/200/194 384/203/197
f 388/201/195 382/200/194 386/202/196
f 23/111/105 62/207/201 383/199/193
f 62/207/201 63/212/206 384/203/197
f 142/206/200 383/199/193 388/201/195
f 266/209/203 385/204/198 64/210/204
f 267/211/205 386/202/196 385/204/198
f 385/204/198 384/203/197 63/212/206
f 140/213/207 387/205/199 268/214/208
f 141/208/202 388/201/195 387/205/199
f 387/205/199 386/202/196 267/211/205
f 390/215/209 391/219/213 389/216/210
f 392/218/212 393/220/214 389/216/210
f 395/217/211 389/216/210 393/220/214
f 5/222/216 145/225/219 390/215/209
f 144/224/218 391/219/213 390/215/209
f 97/223/217 390/215/209 395/217/211
f 28/227/221 269/229/223 392/218/212
f 269/229/223 270/233/227 393/220/214
f 143/228/222 392/218/212 391/219/213
f 95/230/224 394/221/215 271/231/225
f 96/226/220 395/217/211 394/221/215
f 394/221/215 393/220/214 270/233/227
f 396/234/228 397/237/231 400/235/229
f 397/237/231 398/245/239 401/238/232
f 399/236/230 400/235/229 403/239/233
f 400/235/229 401/238/232 404/241/235
f 100/242/236 396/234/228 94/243/237
f 100/242/236 99/244/238 397/237/231
f 99/244/238 98/246/240 398/245/239
f 98/246/240 26/159/153 287/247/241
f 398/245/239 287/247/241 288/248/242
f 401/238/232 288/248/242 289/249/243
f 404/241/235 289/249/243 32/250/244
f 403/239/233 404/241/235 302/251/245
f 402/240/234 403/239/233 303/252/246
f 92/254/248 402/240/234 304/253/247
f 93/255/249 399/236/230 402/240/234
f 396/234/228 399/236/230 93/255/249
f 406/256/250 407/260/254 405/257/251
f 409/259/253 405/257/251 407/260/254
f 410/262/256 411/258/252 405/257/251
f 113/263/257 406/256/250 242/176/170
f 113/263/257 114/268/262 407/260/254
f 242/176/170 406/256/250 411/258/252
f 199/264/258 408/261/255 115/265/259
f 198/267/261 409/259/253 408/261/255
f 408/261/255 407/260/254 114/268/262
f 244/180/174 410/262/256 197/269/263
f 243/178/172 411/258/252 410/262/256
f 410/262/256 409/259/253 198/267/261
f 413/270/264 414/274/268 412/271/265
f 415/273/267 416/275/269 412/271/265
f 418/272/266 412/271/265 416/275/269
f 284/277/271 413/270/264 113/263/257
f 285/278/272 414/274/268 413/270/264
f 413/270/264 418/272/266 114/268/262
f 71/279/273 415/273/267 286/280/274
f 71/279/273 72/283/277 416/275/269
f 286/280/274 415/273/267 414/274/268
f 115/265/259 417/276/270 73/282/276
f 114/268/262 418/272/266 417/276/270
f 417/276/270 416/275/269 72/283/277
f 420/284/278 421/288/282 419/285/279
f 422/287/281 423/289/283 419/285/279
f 425/286/280 419/285/279 423/289/283
f 91/291/285 420/284/278 124/292/286
f 91/291/285 90/296/290 421/288/282
f 124/292/286 420/284/278 425/286/280
f 239/294/288 422/287/281 89/295/289
f 239/294/288 240/299/293 423/289/283
f 422/287/281 421/288/282 90/296/290
f 122/297/291 424/290/284 241/298/292
f 123/293/287 425/286/280 424/290/284
f 424/290/284 423/289/283 240/299/293
f 427/300/294 428/304/298 426/301/295
f 429/303/297 430/305/299 426/301/295
f 432/302/296 426/301/295 430/305/299
f 23/111/105 142/206/200 427/300/294
f 141/208/202 428/304/298 427/300/294
f 136/307/301 427/300/294 432/302/296
f 22/88/82 89/295/289 429/303/297
f 89/295/289 90/296/290 430/305/299
f 140/213/207 429/303/297 428/304/298
f 134/309/303 431/306/300 91/291/285
f 135/308/302 432/302/296 431/306/300
f 431/306/300 430/305/299 90/296/290
f 435/310/304 433/314/308 439/311/305
f 436/313/307 437/315/309 433/314/308
f 439/311/305 433/314/308 437/315/309
f 181/317/311 434/312/306 178/318/312
f 180/319/313 435/310/304 434/312/306
f 178/318/312 434/312/306 439/311/305
f 28/227/221 143/228/222 436/313/307
f 143/228/222 144/224/218 437/315/309
f 179/321/315 436/313/307 435/310/304
f 176/322/316 438/316/310 145/225/219
f 177/320/314 439/311/305 438/316/310
f 438/316/310 437/315/309 144/224/218
f 441/323/317 442/327/321 440/324/318
f 443/326/320 444/328/322 440/324/318
f 446/325/319 440/324/318 444/328/322
f 152/193/187 441/323/317 151/179/173
f 152/193/187 153/195/189 442/327/321
f 151/179/173 441/323/317 446/325/319
f 24/51/48 65/330/324 443/326/320
f 65/330/324 66/332/326 444/328/322
f 443/326/320 442/327/321 153/195/189
f 149/172/166 445/329/323 67/331/325
f 150/175/169 446/325/319 445/329/323
f 445/329/323 444/328/322 66/332/326
f 449/333/327 447/337/331 453/334/328
f 450/336/330 451/339/333 447/337/331
f 452/338/332 453/334/328 447/337/331
f 160/340/334 448/335/329 52/341/335
f 159/342/336 449/333/327 448/335/329
f 448/335/329 453/334/328 51/343/337
f 32/250/244 298/345/339 450/336/330
f 298/345/339 297/349/343 451/339/333
f 158/344/338 450/336/330 449/333/327
f 50/346/340 452/338/332 296/347/341
f 51/343/337 453/334/328 452/338/332
f 452/338/332 451/339/333 297/349/343
f 455/350/344 456/354/348 454/351/345
f 458/353/347 454/351/345 456/354/348
f 459/356/350 460/352/346 454/351/345
f 77/357/351 455/350/344 100/242/236
f 77/357/351 78/361/355 456/354/348
f 100/242/236 455/350/344 460/352/346
f 263/358/352 457/355/349 79/359/353
f 264/360/354 458/353/347 457/355/349
f 457/355/349 456/354/348 78/361/355
f 98/246/240 459/356/350 265/362/356
f 99/244/238 460/352/346 459/356/350
f 265/362/356 459/356/350 458/353/347
f 463/363/357 461/367/361 467/364/358
f 464/366/360 465/368/362 461/367/361
f 467/364/358 461/367/361 465/368/362
f 167/370/364 462/365/359 95/230/224
f 168/371/365 463/363/357 462/365/359
f 462/365/359 467/364/358 96/226/220
f 27/71/65 53/373/367 464/366/360
f 53/373/367 54/375/369 465/368/362
f 169/372/366 464/366/360 463/363/357
f 97/223/217 466/369/363 55/374/368
f 96/226/220 467/364/358 466/369/363
f 466/369/363 465/368/362 54/375/369
f 470/376/370 468/380/374 474/377/371
f 471/379/373 472/381/375 468/380/374
f 474/377/371 468/380/374 472/381/375
f 130/14/14 469/378/372 170/383/377
f 129/11/11 470/376/370 469/378/372
f 170/383/377 469/378/372 474/377/371
f 20/10/10 173/385/379 471/379/373
f 173/385/379 174/388/382 472/381/375
f 128/8/8 471/379/373 470/376/370
f 172/386/380 473/382/376 175/387/381
f 171/384/378 474/377/371 473/382/376
f 473/382/376 472/381/375 174/388/382
f 477/389/383 475/395/389 481/390/384
f 479/392/386 475/395/389 477/389/383
f 480/394/388 481/390/384 475/395/389
f 170/383/377 476/391/385 182/396/390
f 171/384/378 477/389/383 476/391/385
f 476/391/385 481/390/384 183/397/391
f 179/321/315 478/393/387 172/386/380
f 180/319/313 479/392/386 478/393/387
f 478/393/387 477/389/383 171/384/378
f 29/37/37 184/398/392 480/394/388
f 184/398/392 183/397/391 481/390/384
f 181/317/311 480/394/388 479/392/386
f 484/399/393 482/403/397 488/400/394
f 485/402/396 486/405/399 482/403/397
f 487/404/398 488/400/394 482/403/397
f 124/292/286 483/401/395 61/34/34
f 123/293/287 484/399/393 483/401/395
f 483/401/395 488/400/394 60/38/38
f 21/13/13 182/396/390 485/402/396
f 182/396/390 183/397/391 486/405/399
f 122/297/291 485/402/396 484/399/393
f 59/36/36 487/404/398 184/398/392
f 59/36/36 60/38/38 488/400/394
f 487/404/398 486/405/399 183/397/391
f 490/406/400 491/410/404 489/407/401
f 493/409/403 489/407/401 491/410/404
f 494/412/406 495/408/402 489/407/401
f 79/359/353 490/406/400 76/413/407
f 79/359/353 78/361/355 491/410/404
f 490/406/400 495/408/402 75/414/408
f 185/415/409 492/411/405 77/357/351
f 186/416/410 493/409/403 492/411/405
f 492/411/405 491/410/404 78/361/355
f 74/417/411 494/412/406 187/418/412
f 74/417/411 75/414/408 495/408/402
f 187/418/412 494/412/406 493/409/403
f 498/419/413 496/425/419 502/420/414
f 500/422/416 496/425/419 498/419/413
f 501/424/418 502/420/414 496/425/419
f 76/413/407 497/421/415 116/426/420
f 75/414/408 498/419/413 497/421/415
f 497/421/415 502/420/414 117/427/421
f 188/9/9 499/423/417 74/417/411
f 189/12/12 500/422/416 499/423/417
f 499/423/417 498/419/413 75/414/408
f 19/18/18 118/428/422 501/424/418
f 118/428/422 117/427/421 502/420/414
f 190/16/16 501/424/418 500/422/416
f 504/429/423 505/433/427 503/430/424
f 506/432/426 507/434/428 503/430/424
f 509/431/425 503/430/424 507/434/428
f 116/426/420 504/429/423 83/436/430
f 116/426/420 117/427/421 505/433/427
f 83/436/430 504/429/423 509/431/425
f 19/18/18 191/85/79 506/432/426
f 191/85/79 192/87/81 507/434/428
f 506/432/426 505/433/427 117/427/421
f 85/438/432 508/435/429 193/93/87
f 84/437/431 509/431/425 508/435/429
f 508/435/429 507/434/428 192/87/81
f 512/439/433 510/443/437 516/440/434
f 513/442/436 514/445/439 510/443/437
f 515/444/438 516/440/434 510/443/437
f 101/154/148 511/441/435 58/446/440
f 102/156/150 512/439/433 511/441/435
f 511/441/435 516/440/434 57/447/441
f 16/134/128 194/135/129 513/442/436
f 194/135/129 195/137/131 514/445/439
f 103/162/156 513/442/436 512/439/433
f 56/448/442 515/444/438 196/142/136
f 56/448/442 57/447/441 516/440/434
f 515/444/438 514/445/439 195/137/131
f 518/449/443 519/453/447 517/450/444
f 520/452/446 521/454/448 517/450/444
f 523/451/445 517/450/444 521/454/448
f 14/91/85 88/456/450 518/449/443
f 88/456/450 87/458/452 519/453/447
f 85/438/432 518/449/443 523/451/445
f 197/269/263 520/452/446 86/457/451
f 197/269/263 198/267/261 521/454/448
f 520/452/446 519/453/447 87/458/452
f 83/436/430 522/455/449 199/264/258
f 84/437/431 523/451/445 522/455/449
f 522/455/449 521/454/448 198/267/261
f 525/459/453 526/463/457 524/460/454
f 528/462/456 524/460/454 526/463/457
f 529/465/459 530/461/455 524/460/454
f 112/143/137 525/459/453 106/466/460
f 112/143/137 111/145/139 526/463/457
f 106/466/460 525/459/453 530/461/455
f 200/177/171 527/464/458 110/138/132
f 201/174/168 528/462/456 527/464/458
f 527/464/458 526/463/457 111/145/139
f 104/468/462 529/465/459 202/171/165
f 105/467/461 530/461/455 529/465/459
f 202/171/165 529/465/459 528/462/456
f 533/469/463 531/473/467 537/470/464
f 534/472/466 535/475/469 531/473/467
f 536/474/468 537/470/464 531/473/467
f 253/476/470 532/471/465 70/477/27
f 252/478/471 533/469/463 532/471/465
f 532/471/465 537/470/464 69/479/27
f 7/153/147 208/481/473 534/472/466
f 208/481/473 207/485/475 535/475/469
f 251/480/472 534/472/466 533/469/463
f 68/482/27 536/474/468 206/483/474
f 68/482/27 69/479/27 537/470/464
f 536/474/468 535/475/469 207/485/475
f 539/486/476 540/490/480 538/487/477
f 541/489/479 542/491/481 538/487/477
f 544/488/478 538/487/477 542/491/481
f 2/484/27 206/483/474 539/486/476
f 207/485/475 540/490/480 539/486/476
f 257/493/483 539/486/476 544/488/478
f 58/446/440 541/489/479 208/481/473
f 58/446/440 57/447/441 542/491/481
f 541/489/479 540/490/480 207/485/475
f 259/495/485 543/492/482 56/448/442
f 258/494/484 544/488/478 543/492/482
f 543/492/482 542/491/481 57/447/441
f 547/496/486 545/502/492 551/497/487
f 549/499/489 545/502/492 547/496/486
f 550/501/491 551/497/487 545/502/492
f 44/503/27 546/498/488 245/504/493
f 45/505/27 547/496/486 546/498/488
f 546/498/488 551/497/487 246/506/494
f 221/102/96 548/500/490 46/507/27
f 222/105/99 549/499/489 548/500/490
f 548/500/490 547/496/486 45/505/27
f 23/111/105 247/508/495 550/501/491
f 247/508/495 246/506/494 551/497/487
f 223/109/103 550/501/491 549/499/489
f 553/509/496 554/513/500 552/510/497
f 556/512/499 552/510/497 554/513/500
f 558/511/498 552/510/497 556/512/499
f 3/198/192 205/516/503 553/509/496
f 205/516/503 204/520/507 554/513/500
f 146/196/190 553/509/496 558/511/498
f 277/517/504 555/514/501 203/518/505
f 276/519/506 556/512/499 555/514/501
f 555/514/501 554/513/500 204/520/507
f 148/189/183 557/515/502 275/521/508
f 147/191/185 558/511/498 557/515/502
f 275/521/508 557/515/502 556/512/499
f 560/522/509 561/526/513 559/523/510
f 562/525/512 563/527/514 559/523/510
f 565/524/511 559/523/510 563/527/514
f 9/529/516 220/532/519 560/522/509
f 219/531/518 561/526/513 560/522/509
f 230/530/517 560/522/509 565/524/511
f 5/222/216 55/374/368 562/525/512
f 55/374/368 54/375/369 563/527/514
f 218/534/521 562/525/512 561/526/513
f 232/535/522 564/528/515 53/373/367
f 231/533/520 565/524/511 564/528/515
f 564/528/515 563/527/514 54/375/369
f 568/536/523 566/542/529 572/537/524
f 570/539/526 566/542/529 568/536/523
f 571/541/528 572/537/524 566/542/529
f 35/543/27 567/538/525 229/67/61
f 36/544/530 568/536/523 567/538/525
f 567/538/525 572/537/524 228/73/67
f 230/530/517 569/540/527 37/545/531
f 231/533/520 570/539/526 569/540/527
f 569/540/527 568/536/523 36/544/530
f 27/71/65 227/70/64 571/541/528
f 227/70/64 228/73/67 572/537/524
f 232/535/522 571/541/528 570/539/526
f 574/546/532 575/550/536 573/547/533
f 576/549/535 577/551/537 573/547/533
f 579/548/534 573/547/533 577/551/537
f 5/222/216 218/534/521 574/546/532
f 218/534/521 219/531/518 575/550/536
f 176/322/316 574/546/532 579/548/534
f 9/529/516 233/553/539 576/549/535
f 233/553/539 234/555/541 577/551/537
f 576/549/535 575/550/536 219/531/518
f 178/318/312 578/552/538 235/554/540
f 177/320/314 579/548/534 578/552/538
f 578/552/538 577/551/537 234/555/541
f 582/556/542 580/562/548 586/557/543
f 584/559/545 580/562/548 582/556/542
f 585/561/547 586/557/543 580/562/548
f 41/563/549 581/558/544 233/553/539
f 42/564/28 582/556/542 581/558/544
f 581/558/544 586/557/543 234/555/541
f 236/28/28 583/560/546 43/565/27
f 237/31/31 584/559/545 583/560/546
f 583/560/546 582/556/542 42/564/28
f 29/37/37 235/554/540 585/561/547
f 235/554/540 234/555/541 586/557/543
f 238/35/35 585/561/547 584/559/545
f 589/566/550 587/570/554 593/567/551
f 590/569/553 591/572/556 587/570/554
f 592/571/555 593/567/551 587/570/554
f 139/89/83 588/568/552 239/294/288
f 138/86/80 589/566/550 588/568/552
f 588/568/552 593/567/551 240/299/293
f 19/18/18 125/17/17 590/569/553
f 125/17/17 126/19/19 591/572/556
f 137/84/78 590/569/553 589/566/550
f 241/298/292 592/571/555 127/15/15
f 241/298/292 240/299/293 593/567/551
f 592/571/555 591/572/556 126/19/19
f 595/573/557 596/577/561 594/574/558
f 597/576/560 598/578/562 594/574/558
f 600/575/559 594/574/558 598/578/562
f 1/32/32 214/33/33 595/573/557
f 214/33/33 213/29/29 596/577/561
f 134/309/303 595/573/557 600/575/559
f 245/504/493 597/576/560 212/30/30
f 245/504/493 246/506/494 598/578/562
f 597/576/560 596/577/561 213/29/29
f 136/307/301 599/579/563 247/508/495
f 135/308/302 600/575/559 599/579/563
f 599/579/563 598/578/562 246/506/494
f 602/580/564 603/584/568 601/581/565
f 604/583/567 605/585/569 601/581/565
f 607/582/566 601/581/565 605/585/569
f 10/48/27 209/588/572 602/580/564
f 210/587/571 603/584/568 602/580/564
f 250/46/46 602/580/564 607/582/566
f 4/173/167 67/331/325 604/583/567
f 67/331/325 66/332/326 605/585/569
f 211/589/573 604/583/567 603/584/568
f 248/52/49 606/586/570 65/330/324
f 249/49/47 607/582/566 606/586/570
f 606/586/570 605/585/569 66/332/326
f 608/590/574 609/593/577 612/591/575
f 609/593/577 610/598/582 613/594/578
f 611/592/576 612/591/575 615/595/579
f 612/591/575 613/594/578 616/597/581
f 6/65/27 217/66/60 608/590/574
f 216/68/62 609/593/577 608/590/574
f 215/76/70 610/598/582 609/593/577
f 12/74/68 52/341/335 610/598/582
f 610/598/582 52/341/335 51/343/337
f 613/594/578 51/343/337 50/346/340
f 616/597/581 50/346/340 34/348/342
f 615/595/579 616/597/581 295/599/583
f 614/596/580 615/595/579 294/600/584
f 251/480/472 614/596/580 293/601/585
f 252/478/471 611/592/576 614/596/580
f 253/476/470 608/590/574 611/592/576
f 619/602/586 617/606/590 623/603/587
f 620/605/589 621/608/592 617/606/590
f 622/607/591 623/603/587 617/606/590
f 106/466/460 618/604/588 256/609/593
f 105/467/461 619/602/586 618/604/588
f 618/604/588 623/603/587 255/610/594
f 4/173/167 211/589/573 620/605/589
f 211/589/573 210/587/571 621/608/592
f 104/468/462 620/605/589 619/602/586
f 10/48/27 254/611/595 622/607/591
f 254/611/595 255/610/594 623/603/587
f 622/607/591 621/608/592 210/587/571
f 626/612/596 624/618/602 630/613/597
f 628/615/599 624/618/602 626/612/596
f 629/617/601 630/613/597 624/618/602
f 38/619/27 625/614/598 254/611/595
f 39/620/27 626/612/596 625/614/598
f 625/614/598 630/613/597 255/610/594
f 257/493/483 627/616/600 40/621/27
f 258/494/484 628/615/599 627/616/600
f 627/616/600 626/612/596 39/620/27
f 17/144/138 256/609/593 629/617/601
f 256/609/593 255/610/594 630/613/597
f 259/495/485 629/617/601 628/615/599
f 632/622/603 633/626/607 631/623/604
f 634/625/606 635/627/608 631/623/604
f 637/624/605 631/623/604 635/627/608
f 86/457/451 632/622/603 260/192/186
f 86/457/451 87/458/452 633/626/607
f 260/192/186 632/622/603 637/624/605
f 80/629/610 634/625/606 88/456/450
f 80/629/610 81/631/612 635/627/608
f 634/625/606 633/626/607 87/458/452
f 262/197/191 636/628/609 82/630/611
f 261/194/188 637/624/605 636/628/609
f 636/628/609 635/627/608 81/631/612
f 640/632/613 638/636/617 644/633/614
f 641/635/616 642/637/618 638/636/617
f 644/633/614 638/636/617 642/637/618
f 73/282/276 639/634/615 263/358/352
f 72/283/277 640/632/613 639/634/615
f 263/358/352 639/634/615 644/633/614
f 31/281/275 281/639/620 641/635/616
f 281/639/620 282/641/622 642/637/618
f 71/279/273 641/635/616 640/632/613
f 265/362/356 643/638/619 283/640/621
f 264/360/354 644/633/614 643/638/619
f 643/638/619 642/637/618 282/641/622
f 647/642/623 645/646/627 651/643/624
f 648/645/626 649/648/629 645/646/627
f 650/647/628 651/643/624 645/646/627
f 82/630/611 646/644/625 266/209/203
f 81/631/612 647/642/623 646/644/625
f 646/644/625 651/643/624 267/211/205
f 131/92/86 648/645/626 80/629/610
f 131/92/86 132/94/88 649/648/629
f 80/629/610 648/645/626 647/642/623
f 268/214/208 650/647/628 133/90/84
f 267/211/205 651/643/624 650/647/628
f 650/647/628 649/648/629 132/94/88
f 653/649/630 654/653/634 652/650/631
f 655/652/633 656/654/635 652/650/631
f 658/651/632 652/650/631 656/654/635
f 175/387/381 653/649/630 269/229/223
f 175/387/381 174/388/382 654/653/634
f 653/649/630 658/651/632 270/233/227
f 187/418/412 655/652/633 173/385/379
f 187/418/412 186/416/410 656/654/635
f 655/652/633 654/653/634 174/388/382
f 271/231/225 657/655/636 185/415/409
f 271/231/225 270/233/227 658/651/632
f 657/655/636 656/654/635 186/416/410
f 661/656/637 659/662/643 665/657/638
f 663/659/640 659/662/643 661/656/637
f 664/661/642 665/657/638 659/662/643
f 274/110/104 660/658/639 62/207/201
f 274/110/104 273/112/106 661/656/637
f 660/658/639 665/657/638 63/212/206
f 203/518/505 662/660/641 272/108/102
f 204/520/507 663/659/640 662/660/641
f 662/660/641 661/656/637 273/112/106
f 3/198/192 64/210/204 664/661/642
f 64/210/204 63/212/206 665/657/638
f 205/516/503 664/661/642 663/659/640
f 668/663/644 666/667/648 672/664/645
f 669/666/647 670/669/650 666/667/648
f 671/668/649 672/664/645 666/667/648
f 275/521/508 667/665/646 226/53/50
f 276/519/506 668/663/644 667/665/646
f 667/665/646 672/664/645 225/57/52
f 30/106/100 121/107/101 669/666/647
f 121/107/101 120/103/97 670/669/650
f 277/517/504 669/666/647 668/663/644
f 11/56/27 224/55/51 671/668/649
f 224/55/51 225/57/52 672/664/645
f 671/668/649 670/669/650 120/103/97
f 674/670/651 675/674/655 673/671/652
f 676/673/654 677/676/657 673/671/652
f 678/675/656 679/672/653 673/671/652
f 283/640/621 674/670/651 163/157/151
f 283/640/621 282/641/622 675/674/655
f 674/670/651 679/672/653 162/160/154
f 280/677/658 676/673/654 281/639/620
f 279/678/659 677/676/657 676/673/654
f 676/673/654 675/674/655 282/641/622
f 161/163/157 678/675/656 278/679/660
f 161/163/157 162/160/154 679/672/653
f 278/679/660 678/675/656 677/676/657
f 681/680/661 682/684/665 680/681/662
f 683/683/664 684/685/666 680/681/662
f 686/682/663 680/681/662 684/685/666
f 31/281/275 286/280/274 681/680/661
f 285/278/272 682/684/665 681/680/661
f 280/677/658 681/680/661 686/682/663
f 18/140/134 107/139/133 683/683/664
f 107/139/133 108/141/135 684/685/666
f 284/277/271 683/683/664 682/684/665
f 278/679/660 685/686/667 109/136/130
f 279/678/659 686/682/663 685/686/667
f 685/686/667 684/685/666 108/141/135
f 687/687/668 688/690/671 691/688/669
f 688/690/671 689/695/676 692/691/672
f 690/689/670 691/688/669 694/692/673
f 691/688/669 692/691/672 695/694/675
f 296/347/341 687/687/668 295/599/583
f 296/347/341 297/349/343 688/690/671
f 297/349/343 298/345/339 689/695/676
f 298/345/339 32/250/244 289/249/243
f 689/695/676 289/249/243 288/248/242
f 692/691/672 288/248/242 287/247/241
f 695/694/675 287/247/241 26/159/153
f 694/692/673 695/694/675 157/158/152
f 693/693/674 694/692/673 156/161/155
f 293/601/585 693/693/674 155/155/149
f 690/689/670 693/693/674 293/601/585
f 687/687/668 690/689/670 294/600/584
f 697/696/677 698/700/681 696/697/678
f 700/699/680 696/697/678 698/700/681
f 701/702/683 702/698/679 696/697/678
f 33/124/118 299/125/119 697/696/677
f 299/125/119 300/123/117 698/700/681
f 92/254/248 697/696/677 702/698/679
f 169/372/366 699/701/682 301/122/116
f 168/371/365 700/699/680 699/701/682
f 699/701/682 698/700/681 300/123/117
f 15/232/226 94/243/237 701/702/683
f 94/243/237 93/255/249 702/698/679
f 167/370/364 701/702/683 700/699/680
f 704/703/684 705/707/688 703/704/685
f 707/706/687 703/704/685 705/707/688
f 708/709/690 709/705/686 703/704/685
f 33/124/118 304/253/247 704/703/684
f 304/253/247 303/252/246 705/707/688
f 704/703/684 709/705/686 291/121/115
f 158/344/338 706/708/689 302/251/245
f 159/342/336 707/706/687 706/708/689
f 706/708/689 705/707/688 303/252/246
f 12/74/68 290/120/114 708/709/690
f 290/120/114 291/121/115 709/705/686
f 160/340/334 708/709/690 707/706/687
