# Blender v2.91.2 OBJ File: 'hexes.blend'
# www.blender.org
o lod1.002_Cylinder.022
v 0.626637 0.030976 -1.257438
v -1.000000 0.000000 1.732051
v -0.609167 0.054192 -1.039258
v -1.421178 0.008934 -0.023884
v 1.537552 0.013123 0.099060
v 1.000000 0.000000 1.732051
v -0.477289 0.028557 1.323353
v 1.000000 0.000000 -1.732051
v 2.000000 0.000000 0.000000
v -2.000000 0.000000 -0.000000
v -1.000000 0.000000 -1.732051
v 0.765526 0.027249 1.338386
v -0.012199 0.015681 0.031729
v -0.265390 0.100684 -0.567843
v 0.676912 0.022540 0.544444
v -0.667280 0.193550 0.761513
v -1.223258 0.023386 0.737581
v -0.710106 0.030605 0.250625
v 0.240596 0.045756 -0.417592
v 0.623920 0.019499 -0.143280
v 0.607159 0.031267 -0.541578
v 0.078144 0.200106 -0.940469
v -0.164101 0.025048 -1.292560
v -1.095864 0.009301 -0.784175
v -0.751888 0.069227 -0.378410
v -0.078498 0.068976 0.873997
v 1.291093 0.019126 0.774224
v 1.140398 0.040966 -0.072579
v 1.128203 0.005923 -0.596669
v -0.828706 0.003656 -1.411938
v -0.354147 0.081465 0.442958
v 0.375109 0.052289 1.196811
v 0.735942 0.128417 1.020142
v 0.203028 0.008072 1.363550
v 1.250000 0.000000 1.299038
v 1.500000 0.000000 0.866026
v 1.750000 0.000000 0.433013
v -1.750000 0.000000 0.433012
v -1.500000 0.000000 0.866025
v -1.250000 0.000000 1.299038
v 1.750000 0.000000 -0.433013
v 1.500000 0.000000 -0.866025
v 1.250000 0.000000 -1.299038
v 0.500000 0.000000 -1.732051
v -0.000000 0.000000 -1.732051
v -0.500000 0.000000 -1.732051
v -1.250000 0.000000 -1.299038
v -1.500000 0.000000 -0.866025
v -1.750000 0.000000 -0.433013
v 0.293527 0.006282 1.384314
v 0.432376 0.006751 1.399576
v 0.594008 0.012287 1.392563
v 1.414449 0.009476 0.546979
v 1.489341 0.007027 0.390780
v 1.533838 0.008427 0.250622
v -1.063636 0.034757 0.962508
v -0.920204 0.037109 1.104934
v -0.751264 0.036548 1.221439
v 0.966628 0.002657 -0.848714
v 0.865184 0.004008 -1.022051
v 0.766962 0.011434 -1.160968
v -0.319013 0.040029 -1.225327
v -0.420162 0.047084 -1.185347
v -0.510485 0.052327 -1.139225
v -1.232839 0.011401 -0.528699
v -1.332337 0.011560 -0.356479
v -1.404068 0.011206 -0.199454
v -0.500000 0.000000 1.732051
v -0.000000 0.000000 1.732051
v 0.500000 0.000000 1.732051
v -0.280787 0.053564 0.365465
v -0.206903 0.034682 0.283357
v -0.129128 0.022494 0.192307
v 0.490181 0.014157 -0.094743
v 0.362151 0.010963 -0.054752
v 0.217100 0.010259 -0.013165
v 0.449530 0.014834 0.441152
v 0.309677 0.011545 0.329744
v 0.179164 0.011551 0.205504
v -0.371621 0.105533 -0.696515
v -0.451714 0.097310 -0.805953
v -0.523213 0.082299 -0.910924
v -0.101033 0.035455 -0.172786
v -0.163981 0.054690 -0.300349
v -0.218507 0.075322 -0.422064
v -0.599001 0.079004 -0.447209
v -0.494703 0.084620 -0.489650
v -0.391055 0.089774 -0.527287
v 0.228854 0.166973 -1.044963
v 0.352472 0.124195 -1.126626
v 0.474227 0.076534 -1.192323
v 0.695827 0.118911 0.944075
v 0.661848 0.094687 0.857074
v 0.649617 0.060576 0.743664
v 0.977885 0.016082 0.446132
v 1.190171 0.013872 0.346009
v 1.373140 0.013667 0.235407
v 0.123909 0.052600 0.818337
v 0.279384 0.045234 0.757295
v 0.438448 0.036779 0.675906
v -0.601623 0.082773 1.156924
v -0.652089 0.132549 1.031468
v -0.673027 0.172016 0.906688
v -1.446885 0.002861 0.160731
v -1.415713 0.002572 0.324290
v -1.348154 0.008029 0.496725
v -0.713327 0.080430 0.409287
v -0.714929 0.129990 0.522676
v -0.706534 0.170455 0.632046
v -0.889399 0.034797 0.376139
v -1.016170 0.034629 0.480750
v -1.127308 0.033082 0.587132
v -0.518022 0.021547 0.158302
v -0.371636 0.017789 0.104256
v -0.227278 0.017451 0.063329
v 0.091662 0.016945 -0.136169
v 0.149757 0.020007 -0.232845
v 0.196647 0.028115 -0.319772
v -0.978092 0.000060 -1.694586
v -0.946132 0.000486 -1.636683
v -0.895771 0.001614 -1.541348
v 0.605712 0.037142 -0.749985
v 0.617614 0.037526 -0.923307
v 0.627201 0.036731 -1.084070
v 0.333758 0.045423 -0.452932
v 0.406287 0.042892 -0.478167
v 0.484379 0.040246 -0.505397
v 0.653328 0.020088 -0.246737
v 0.649936 0.019956 -0.324150
v 0.633337 0.022437 -0.404593
v -0.196315 0.134623 -0.679650
v -0.124739 0.167117 -0.767028
v -0.043170 0.191384 -0.846984
v 0.478703 0.036263 -1.321522
v 0.313115 0.036249 -1.320281
v 0.119906 0.034383 -1.301637
v 0.199606 0.091592 -0.541300
v 0.164752 0.137546 -0.656544
v 0.127989 0.176999 -0.778751
v 0.018614 0.169546 -1.063646
v -0.032666 0.126271 -1.132997
v -0.085379 0.076598 -1.197739
v 1.265493 0.037174 -0.019415
v 1.361440 0.030523 0.014737
v 1.439353 0.021980 0.048544
v -0.756561 0.033691 -1.002819
v -0.854430 0.024160 -0.950023
v -0.950727 0.017265 -0.884380
v -1.259244 0.023305 -0.131582
v -1.113355 0.038886 -0.212308
v -0.952774 0.053876 -0.288066
v -0.885451 0.057402 -0.490999
v -0.960635 0.042619 -0.574826
v -1.025585 0.026340 -0.659449
v -0.371154 0.049295 1.226381
v -0.279058 0.061577 1.140842
v -0.184915 0.070533 1.036542
v 0.469831 0.047730 1.243368
v 0.558841 0.041689 1.282869
v 0.646189 0.035939 1.312461
v -0.534376 0.184324 0.823527
v -0.409049 0.155387 0.862292
v -0.271813 0.114610 0.883369
v 0.926264 0.029702 1.252786
v 1.047812 0.028903 1.136598
v 1.157986 0.026936 0.993769
v 0.882818 0.029038 0.624675
v 1.034323 0.029579 0.662186
v 1.170542 0.027863 0.698411
v 0.777618 0.025528 -0.399830
v 0.913270 0.030894 -0.295957
v 1.033505 0.037192 -0.196450
v 0.774058 0.027629 -0.110055
v 0.899971 0.034740 -0.084928
v 1.014141 0.039516 -0.067562
v 1.523385 0.013538 -0.071607
v 1.438382 0.012121 -0.215414
v 1.315042 0.009920 -0.367967
v 1.178832 0.035873 -0.187525
v 1.172712 0.027485 -0.295325
v 1.150279 0.017148 -0.414819
v 0.747291 0.017448 -0.567912
v 0.855551 0.011084 -0.584513
v 0.969164 0.008297 -0.599148
v 0.646553 0.016886 0.328959
v 0.644124 0.017427 0.166726
v 0.642404 0.019094 0.013284
v 0.518605 0.015349 -0.231144
v 0.433246 0.015589 -0.288774
v 0.345630 0.022912 -0.342301
v 0.109601 0.064574 -0.449525
v -0.004506 0.079776 -0.481202
v -0.121218 0.093223 -0.517970
v -0.808089 0.166668 0.774618
v -0.929843 0.125515 0.777585
v -1.051556 0.075593 0.771709
v -0.559824 0.062773 -0.266308
v -0.400166 0.049768 -0.182753
v -0.237733 0.033953 -0.097952
v -0.929428 0.016253 0.185218
v -1.105449 0.010953 0.128170
v -1.263506 0.009756 0.065207
v -0.786575 0.007378 -1.334006
v -0.745539 0.014423 -1.261588
v -0.691477 0.027241 -1.169503
v -0.897823 0.000384 1.645108
v -0.785356 0.003110 1.552576
v -0.651395 0.010779 1.448540
v -1.903979 0.000130 -0.005516
v -1.788294 0.001056 -0.011160
v -1.633676 0.003597 -0.017089
v 0.928662 0.000452 -1.660245
v 0.848174 0.003660 -1.569270
v 0.749785 0.012471 -1.440489
v 0.845055 0.010971 1.462868
v 0.906884 0.003220 1.566421
v 0.956508 0.000398 1.653492
v 1.720194 0.009374 0.058095
v 1.845837 0.006097 0.031487
v 1.932714 0.003006 0.013582
v -0.656471 0.000234 -1.613958
v -0.467375 0.001895 -1.508970
v -0.311287 0.006981 -1.409483
v -1.090730 0.000092 -1.377183
v -1.113321 0.000744 -1.161621
v -1.119229 0.002712 -0.975566
v 1.286388 0.007025 0.951031
v 1.232663 0.002023 1.136893
v 1.150554 0.000250 1.357895
v 1.769587 0.001234 0.304143
v 1.624580 0.002588 0.477140
v 1.481663 0.006176 0.624748
v 1.705112 0.001135 -0.264073
v 1.505260 0.001784 -0.402316
v 1.326216 0.003070 -0.510766
v 1.076150 0.000058 -1.329955
v 1.100629 0.000465 -1.075536
v 1.116483 0.001702 -0.847945
v 0.245259 0.168160 -0.860464
v 0.355753 0.125284 -0.775444
v 0.462499 0.077316 -0.678767
v -0.719877 0.027180 0.078188
v -0.733826 0.038707 -0.055836
v -0.747634 0.053569 -0.191904
v 0.565290 0.000319 -1.601702
v 0.300553 0.002585 -1.495233
v 0.071818 0.009010 -1.398048
v -1.300597 0.003226 -0.631510
v -1.485986 0.000919 -0.481450
v -1.691814 0.000114 -0.305498
v -0.181284 0.008185 1.464795
v 0.131068 0.002235 1.551895
v 0.483607 0.000276 1.632413
v -1.742715 0.000209 0.303021
v -1.580208 0.001689 0.476228
v -1.423326 0.006280 0.616469
v -1.113316 0.000308 1.360172
v -1.176819 0.002495 1.139983
v -1.218864 0.008649 0.946552
v -0.732170 0.069375 -0.578827
v -0.708344 0.063246 -0.730662
v -0.674195 0.056806 -0.874084
v 0.010468 0.022173 0.296448
v 0.001287 0.033311 0.486852
v -0.021770 0.048335 0.666909
v -0.427226 0.101279 -1.032028
v -0.277393 0.145220 -1.013557
v -0.122310 0.181274 -0.985841
v 1.092910 0.037580 0.082486
v 0.995485 0.030583 0.218622
v 0.866911 0.023091 0.354154
v -0.726970 0.003792 -1.418357
v -0.596688 0.005640 -1.388198
v -0.431038 0.011369 -1.340904
v -1.000933 0.005586 -1.044237
v -0.947896 0.003975 -1.210953
v -0.895609 0.003586 -1.334930
v -0.574229 0.184030 0.664638
v -0.500036 0.156234 0.587343
v -0.427283 0.118648 0.515430
v -0.297716 0.085345 0.522907
v -0.240141 0.084807 0.618113
v -0.177248 0.080972 0.725665
v -0.559295 0.047578 0.300304
v -0.476722 0.059828 0.337640
v -0.411832 0.071992 0.382640
v 0.056854 0.057257 1.005601
v 0.168599 0.054041 1.084630
v 0.274528 0.053578 1.145521
v 0.790651 0.063261 1.242601
v 0.786327 0.097016 1.169641
v 0.767254 0.120321 1.095518
v -0.188403 0.015576 1.358649
v -0.010682 0.009981 1.368219
v 0.119783 0.008053 1.367802
v 0.207795 0.011769 1.333719
v 0.238643 0.019580 1.291676
v 0.299107 0.032605 1.245162
v 0.852922 0.118125 0.973032
v 0.977348 0.093461 0.921206
v 1.109656 0.058204 0.863875
v 0.452907 0.078512 1.148725
v 0.535780 0.104580 1.103404
v 0.629863 0.122857 1.062048
v 0.499040 0.017186 -0.365515
v 0.556232 0.015777 -0.290293
v 0.559891 0.016854 -0.351673
v 0.534508 0.022389 -0.420610
v 0.460365 0.023465 -0.410695
v 0.401605 0.024133 -0.384487
v 0.475069 0.016205 -0.333425
v 0.931363 0.001110 -1.243214
v 0.970224 0.000286 -1.407433
v 0.894858 0.001976 -1.385777
v 0.827468 0.006119 -1.292346
v 0.905191 0.002291 -1.144469
v 0.996361 0.001322 -0.999233
v 0.995870 0.000478 -1.186615
v -1.355952 0.000255 -0.834051
v -1.578177 0.000066 -0.549632
v -1.418048 0.000526 -0.666908
v -1.258847 0.001619 -0.813490
v -1.237687 0.000504 -0.988959
v -1.240950 0.000063 -1.141975
v -1.417333 0.000039 -0.847596
v 1.069993 0.004947 1.291512
v 1.058204 0.000747 1.430563
v 1.134600 0.003086 1.241808
v 1.171224 0.010001 1.092323
v 1.067631 0.011650 1.215780
v 0.960559 0.011741 1.339133
v 1.001117 0.003647 1.410900
v 0.014570 0.138797 -0.641538
v 0.103500 0.101569 -0.550738
v 0.080585 0.141779 -0.652773
v 0.033885 0.175227 -0.753639
v -0.042409 0.156338 -0.696626
v -0.094681 0.125848 -0.615804
v 0.004542 0.112191 -0.572388
v -0.688857 0.001199 -1.507217
v -0.777850 0.000244 -1.596522
v -0.801529 0.000564 -1.562882
v -0.771629 0.001645 -1.497262
v -0.640891 0.002644 -1.453287
v -0.494401 0.005090 -1.418228
v -0.613729 0.001565 -1.504349
v 0.960754 0.080519 1.070832
v 0.903361 0.059838 1.182167
v 1.005775 0.056714 1.090176
v 1.081160 0.057512 0.976973
v 0.979889 0.089158 1.002418
v 0.872716 0.110929 1.048214
v 0.884426 0.090488 1.120008
v -0.892307 0.104543 0.595640
v -0.812004 0.152295 0.663283
v -0.812843 0.119039 0.562232
v -0.832073 0.075075 0.468170
v -0.940948 0.071538 0.550305
v -1.021695 0.073717 0.650675
v -0.919142 0.117954 0.672735
v -0.456354 0.126290 1.028912
v -0.481282 0.089369 1.138702
v -0.386596 0.096315 1.081253
v -0.314668 0.106638 0.992729
v -0.435093 0.143304 0.957687
v -0.552630 0.166894 0.930800
v -0.539942 0.132819 1.037429
v -1.003047 0.030856 -0.050010
v -1.176918 0.021841 -0.040172
v -1.050290 0.021134 0.024804
v -0.892338 0.024061 0.063313
v -0.887379 0.035626 -0.054315
v -0.912735 0.047207 -0.170869
v -1.059845 0.035551 -0.119050
v -0.835640 0.043800 -0.756249
v -0.928104 0.029712 -0.766210
v -0.883278 0.044028 -0.679207
v -0.817475 0.057615 -0.618001
v -0.780895 0.052386 -0.747493
v -0.760808 0.043862 -0.875340
v -0.844200 0.034808 -0.838741
v -0.250569 0.113292 -1.106235
v -0.222694 0.079202 -1.166759
v -0.323931 0.082251 -1.137081
v -0.392049 0.090716 -1.095487
v -0.263805 0.130383 -1.069609
v -0.126713 0.159397 -1.055458
v -0.159645 0.122864 -1.113051
v 1.201166 0.026297 0.210853
v 1.342070 0.021267 0.169461
v 1.288783 0.029016 0.127138
v 1.199651 0.034703 0.104634
v 1.107612 0.028723 0.225757
v 1.021960 0.021495 0.340540
v 1.192522 0.020443 0.270738
v 0.489757 0.063272 0.797978
v 0.339783 0.063558 0.866210
v 0.194883 0.061279 0.932295
v 0.530726 0.092029 0.902623
v 0.404138 0.082670 0.958432
v 0.282844 0.069030 1.018680
v 0.579321 0.113719 0.987982
v 0.470791 0.097877 1.035886
v 0.369966 0.075928 1.088607
v -0.482094 0.033341 -0.044690
v -0.561045 0.025828 0.058479
v -0.426197 0.024377 0.022992
v -0.315170 0.026972 -0.027616
v -0.441821 0.039980 -0.104942
v -0.586689 0.049998 -0.161843
v -0.587485 0.036863 -0.051457
v -0.336523 0.026436 0.224188
v -0.458841 0.026961 0.224333
v -0.400823 0.036548 0.270148
v -0.339473 0.045757 0.310419
v -0.273280 0.029139 0.237136
v -0.228095 0.019072 0.156050
v -0.343451 0.019534 0.174288
v 0.447337 0.103915 -0.962747
v 0.517110 0.074929 -1.085298
v 0.411535 0.117144 -1.043754
v 0.316323 0.151466 -0.963493
v 0.404364 0.117458 -0.880026
v 0.500755 0.075138 -0.808578
v 0.522720 0.072534 -0.951408
v 0.208205 0.103446 -1.203076
v 0.084591 0.073846 -1.230019
v 0.102685 0.117227 -1.170034
v 0.155744 0.151592 -1.113893
v 0.275901 0.116903 -1.179167
v 0.377581 0.074523 -1.245226
v 0.245150 0.071668 -1.252547
v 1.353125 0.025584 -0.179045
v 1.279798 0.018234 -0.317383
v 1.279682 0.027182 -0.233539
v 1.286177 0.034097 -0.133286
v 1.375630 0.028802 -0.096247
v 1.446281 0.021129 -0.079418
v 1.384992 0.019392 -0.201883
v -1.143387 0.033147 -0.386612
v -1.005113 0.049366 -0.389289
v -1.060313 0.038211 -0.468499
v -1.133135 0.024179 -0.519101
v -1.223138 0.022872 -0.379569
v -1.269499 0.023336 -0.249842
v -1.139205 0.037186 -0.309925
v 0.427007 0.015788 1.334100
v 0.550819 0.018273 1.349319
v 0.489803 0.023756 1.315494
v 0.403706 0.028524 1.281846
v 0.348916 0.016810 1.317374
v 0.321535 0.009949 1.352509
v 0.436007 0.010916 1.362475
v 0.186913 0.024719 0.533280
v 0.344888 0.022672 0.555748
v 0.239409 0.017545 0.444741
v 0.125663 0.018021 0.353353
v 0.101012 0.027820 0.513025
v 0.099170 0.039948 0.671165
v 0.225177 0.031770 0.635212
v 1.238375 0.009553 0.475578
v 1.037392 0.014661 0.518714
v 1.145652 0.014250 0.560111
v 1.276625 0.012594 0.570493
v 1.352250 0.008059 0.442637
v 1.379324 0.008905 0.330791
v 1.211942 0.010091 0.419922
v 0.839271 0.030342 -0.242596
v 0.755933 0.025788 -0.343317
v 0.755387 0.025509 -0.282034
v 0.767737 0.026833 -0.207711
v 0.877096 0.033189 -0.179574
v 0.966247 0.036951 -0.173681
v 0.873782 0.031473 -0.263325
v 0.978707 0.023690 -0.379551
v 0.838993 0.021461 -0.439362
v 0.950707 0.027550 -0.339276
v 1.065225 0.033022 -0.258335
v 1.062894 0.025758 -0.345245
v 1.026527 0.016649 -0.456562
v 0.921782 0.017608 -0.461221
v 0.776696 0.008119 -0.843011
v 0.729297 0.014681 -1.023527
v 0.708496 0.016122 -0.882020
v 0.710109 0.016397 -0.725267
v 0.806154 0.007719 -0.727609
v 0.894275 0.004185 -0.766143
v 0.816940 0.005654 -0.916087
v 0.433917 0.010096 0.145059
v 0.282948 0.009236 0.110449
v 0.380412 0.009449 0.222099
v 0.502630 0.011972 0.301116
v 0.523969 0.012430 0.161048
v 0.517901 0.013633 0.025636
v 0.399014 0.010324 0.053179
v 0.321220 0.012050 -0.197931
v 0.216566 0.011456 -0.121932
v 0.336727 0.011202 -0.142323
v 0.439607 0.013221 -0.181014
v 0.375294 0.013668 -0.239314
v 0.292845 0.018146 -0.280860
v 0.246479 0.013737 -0.208194
v -0.006067 0.043669 -0.324310
v -0.003917 0.030190 -0.212018
v 0.059240 0.031530 -0.278188
v 0.094130 0.041897 -0.357823
v -0.007074 0.056043 -0.391353
v -0.109831 0.067435 -0.411989
v -0.070716 0.047586 -0.309219
v -0.859508 0.106940 0.974477
v -0.751632 0.077780 1.112207
v -0.770397 0.121620 1.005417
v -0.793700 0.153839 0.892274
v -0.903248 0.119455 0.888497
v -0.995225 0.075301 0.907329
v -0.889058 0.074139 1.026001
v -0.354308 0.067120 -0.317582
v -0.325735 0.078016 -0.413713
v -0.421194 0.077112 -0.389386
v -0.498394 0.071947 -0.341115
v -0.371227 0.059868 -0.259482
v -0.234268 0.046885 -0.199765
v -0.269038 0.062172 -0.306073
v -1.187770 0.005334 0.324232
v -1.223788 0.011182 0.467519
v -1.110551 0.012772 0.396611
v -1.011403 0.013501 0.299447
v -1.155355 0.005589 0.238259
v -1.300894 0.003316 0.195445
v -1.288648 0.003379 0.331835
v -0.206936 0.000779 1.614849
v 0.222170 0.000193 1.657456
v -0.047378 0.001536 1.587491
v -0.340710 0.005018 1.520423
v -0.457132 0.001644 1.588295
v -0.497136 0.000206 1.659406
v -0.118287 0.000120 1.666336
v -0.965795 0.006169 1.284675
v -0.987832 0.000895 1.427510
v -0.889330 0.004191 1.401864
v -0.807800 0.013670 1.324117
v -0.947867 0.014664 1.202541
v -1.080107 0.012764 1.082959
v -1.053940 0.003913 1.240001
v -0.059884 0.000687 -1.562142
v 0.302181 0.000179 -1.623883
v -0.034402 0.000106 -1.633908
v -0.377551 0.000169 -1.627193
v -0.254993 0.001344 -1.532574
v -0.099783 0.004361 -1.453702
v 0.111953 0.001430 -1.528721
v -0.865035 0.011522 -1.152348
v -0.782078 0.022015 -1.117959
v -0.817588 0.012942 -1.209021
v -0.856331 0.007096 -1.272175
v -0.905884 0.007514 -1.170639
v -0.937523 0.010362 -1.034115
v -0.862686 0.015968 -1.066358
v 1.687778 0.004542 0.279824
v 1.798276 0.002929 0.196012
v 1.759429 0.004993 0.171174
v 1.666931 0.006981 0.195386
v 1.609437 0.005687 0.329423
v 1.549601 0.005887 0.465981
v 1.673805 0.003622 0.348509
v 1.460187 0.000691 0.825954
v 1.303626 0.000156 1.133801
v 1.478786 0.000167 0.842948
v 1.645718 0.000433 0.546295
v 1.541226 0.001440 0.659714
v 1.417549 0.003628 0.800847
v 1.355306 0.001183 0.976095
v 1.599250 0.005154 -0.185541
v 1.622948 0.008585 -0.075028
v 1.706152 0.005439 -0.091416
v 1.737512 0.002950 -0.140976
v 1.565716 0.003440 -0.263191
v 1.420866 0.005330 -0.342102
v 1.521475 0.007329 -0.205118
v 1.359743 0.000329 -0.776522
v 1.583648 0.000347 -0.514431
v 1.419365 0.000111 -0.814952
v 1.238907 0.000058 -1.105215
v 1.237796 0.000406 -0.918448
v 1.267517 0.001329 -0.713305
v 1.426994 0.000755 -0.598265
v 0.304840 0.107652 -0.629245
v 0.229116 0.155238 -0.749521
v 0.244927 0.123546 -0.644823
v 0.281427 0.082759 -0.544089
v 0.349310 0.076636 -0.559663
v 0.407746 0.076947 -0.600737
v 0.322292 0.119374 -0.686905
v 0.500748 0.006167 -1.459663
v 0.578687 0.014159 -1.419440
v 0.651653 0.004393 -1.506761
v 0.660738 0.000922 -1.564165
v 0.431909 0.003923 -1.473431
v 0.248129 0.012753 -1.385479
v 0.411605 0.014550 -1.397113
v -1.548354 0.001968 -0.270990
v -1.707005 0.000295 -0.192174
v -1.652962 0.001344 -0.157976
v -1.542799 0.004330 -0.167282
v -1.452780 0.004643 -0.313256
v -1.372007 0.004277 -0.461788
v -1.530504 0.001314 -0.346966
v 0.590192 0.000475 1.585873
v 0.616759 0.002037 1.525806
v 0.615832 0.006164 1.457443
v 0.262573 0.002073 1.517033
v 0.349525 0.002165 1.480796
v 0.404694 0.003756 1.440479
v -0.011459 0.006725 1.441805
v 0.129806 0.004715 1.428010
v 0.231270 0.004575 1.409251
v -1.624563 0.000782 0.255990
v -1.484786 0.003918 0.444572
v -1.537914 0.001579 0.292378
v -1.588609 0.001689 0.140516
v -1.698292 0.000593 0.140584
v -1.755664 0.000213 0.183226
v -1.619059 0.001222 0.337078
v -1.429555 0.000641 0.832179
v -1.626550 0.000156 0.549740
v -1.461319 0.000099 0.847377
v -1.281656 0.000169 1.138160
v -1.316095 0.001345 0.981988
v -1.366937 0.004072 0.802765
v -1.505260 0.001245 0.664519
v -0.571684 0.080652 -0.684218
v -0.637258 0.077992 -0.577941
v -0.546203 0.084457 -0.598664
v -0.459401 0.091189 -0.640654
v -0.524961 0.084212 -0.741883
v -0.595600 0.071895 -0.821722
v -0.633091 0.073404 -0.706867
v -0.139148 0.045517 0.456216
v -0.085167 0.029287 0.315830
v -0.161963 0.040514 0.370241
v -0.229279 0.058405 0.445411
v -0.177819 0.059436 0.534066
v -0.112257 0.055551 0.611033
v -0.082365 0.039626 0.466975
v -0.291362 0.146674 -0.880391
v -0.411751 0.113078 -0.946144
v -0.364938 0.123060 -0.854055
v -0.289940 0.132494 -0.764073
v -0.217333 0.160969 -0.833893
v -0.160232 0.179453 -0.909415
v -0.287180 0.149767 -0.943276
v 0.857137 0.029549 0.118838
v 0.989395 0.036770 0.054809
v 0.886655 0.032817 0.027019
v 0.769734 0.026248 0.015091
v 0.766510 0.024128 0.147666
v 0.790858 0.023391 0.271146
v 0.910305 0.030637 0.173210
v -0.589501 0.015067 -1.291617
v -0.454047 0.018677 -1.284960
v -0.584553 0.010023 -1.332622
v -0.695420 0.007550 -1.351855
v -0.661469 0.014614 -1.287230
v -0.600370 0.027694 -1.212089
v -0.517501 0.024602 -1.245028
v -0.993960 0.000767 -1.352357
v -1.030883 0.002348 -1.139429
v -0.977464 0.001740 -1.283267
v -0.935780 0.001531 -1.415874
v -0.972891 0.000498 -1.476636
v -1.013795 0.000138 -1.473684
v -1.033533 0.000724 -1.286283
v -0.382895 0.145177 0.700029
v -0.281457 0.117999 0.772314
v -0.317523 0.118478 0.673418
v -0.370410 0.120760 0.589007
v -0.438451 0.155018 0.652318
v -0.492434 0.178391 0.729775
v -0.391727 0.154195 0.769376
v -0.571293 0.124649 0.473868
v -0.479620 0.107953 0.454658
v -0.535899 0.094843 0.412524
v -0.611822 0.086931 0.396092
v -0.629816 0.130508 0.491614
v -0.618243 0.165538 0.581069
v -0.545140 0.142896 0.522237
v 0.088069 0.013803 1.319157
v 0.116813 0.022711 1.264244
v 0.185151 0.035715 1.205182
v -0.050024 0.017950 1.302907
v -0.013535 0.028192 1.232338
v 0.065525 0.040256 1.157633
v -0.210814 0.027495 1.276482
v -0.149826 0.039400 1.191666
v -0.057769 0.049817 1.098683
v 0.892913 0.080093 0.811704
v 0.818440 0.110316 0.902176
v 0.938958 0.089018 0.855423
v 1.053563 0.057716 0.791178
v 0.946767 0.056523 0.751216
v 0.808382 0.058365 0.734556
v 0.792807 0.089320 0.827360
v 0.634013 0.089736 1.203891
v 0.672697 0.116098 1.131833
v 0.593874 0.099909 1.163457
v 0.530984 0.074346 1.202164
v 0.607400 0.068090 1.241593
v 0.691375 0.065560 1.257807
v 0.697302 0.095682 1.196724
vt 0.788059 0.598635
vt 0.810874 0.568050
vt 0.811608 0.615724
vt 0.643548 0.531034
vt 0.637155 0.512573
vt 0.646357 0.516822
vt 0.619794 0.580333
vt 0.596258 0.559114
vt 0.620339 0.555315
vt 0.218520 0.745536
vt 0.180464 0.760523
vt 0.163025 0.738017
vt 0.529498 0.594935
vt 0.556662 0.599146
vt 0.539470 0.618669
vt 0.739053 0.488671
vt 0.764105 0.492708
vt 0.742513 0.504892
vt 0.842692 0.760797
vt 0.874680 0.733819
vt 0.902448 0.742911
vt 0.807817 0.740414
vt 0.801094 0.761578
vt 0.776547 0.760402
vt 0.451667 0.096814
vt 0.417091 0.139430
vt 0.400780 0.136728
vt 0.690675 0.497472
vt 0.691302 0.473676
vt 0.699273 0.477577
vt 0.662676 0.479463
vt 0.635013 0.486491
vt 0.646916 0.460535
vt 0.613799 0.484016
vt 0.622939 0.507844
vt 0.605559 0.503716
vt 0.671003 0.496252
vt 0.649299 0.495169
vt 0.655875 0.576927
vt 0.639894 0.551824
vt 0.660898 0.548942
vt 0.691627 0.545388
vt 0.660851 0.525612
vt 0.677954 0.515200
vt 0.657471 0.507979
vt 0.609930 0.530103
vt 0.627129 0.532353
vt 0.808452 0.656957
vt 0.768569 0.656136
vt 0.783068 0.631346
vt 0.580734 0.111684
vt 0.569701 0.125529
vt 0.562979 0.106793
vt 0.588961 0.759994
vt 0.620422 0.763115
vt 0.600586 0.770573
vt 0.776409 0.520192
vt 0.784684 0.559462
vt 0.410542 0.870861
vt 0.424712 0.853235
vt 0.443762 0.888866
vt 0.116513 0.666539
vt 0.078051 0.737108
vt 0.105195 0.638796
vt 0.131238 0.301759
vt 0.083829 0.237804
vt 0.116142 0.244308
vt 0.613100 0.123722
vt 0.636348 0.108950
vt 0.659154 0.142975
vt 0.926229 0.749111
vt 0.880685 0.684423
vt 0.893593 0.655148
vt 0.900560 0.588085
vt 0.867791 0.598723
vt 0.877649 0.548936
vt 0.859260 0.634800
vt 0.792102 0.695564
vt 0.837048 0.677705
vt 0.839057 0.718985
vt 0.835110 0.636904
vt 0.862288 0.689152
vt 0.842820 0.549668
vt 0.836226 0.595623
vt 0.439265 0.086743
vt 0.509337 0.008989
vt 0.508979 0.030715
vt 0.265517 0.747461
vt 0.244797 0.768686
vt 0.444496 0.919776
vt 0.127156 0.580383
vt 0.099993 0.570893
vt 0.119381 0.530310
vt 0.547028 0.149356
vt 0.574797 0.146726
vt 0.574079 0.162240
vt 0.317946 0.831352
vt 0.334380 0.810429
vt 0.362321 0.849227
vt 0.790494 0.253816
vt 0.801279 0.240711
vt 0.814419 0.252495
vt 0.235702 0.799853
vt 0.364086 0.779111
vt 0.301869 0.774454
vt 0.384304 0.827075
vt 0.283030 0.801334
vt 0.382693 0.887266
vt 0.521581 0.145236
vt 0.541600 0.129958
vt 0.560724 0.914854
vt 0.538669 0.918782
vt 0.566355 0.898776
vt 0.518115 0.184793
vt 0.544164 0.206647
vt 0.520150 0.206970
vt 0.624402 0.604972
vt 0.602032 0.589456
vt 0.559786 0.695504
vt 0.544642 0.660258
vt 0.568276 0.670902
vt 0.653684 0.649489
vt 0.617403 0.645972
vt 0.634896 0.628084
vt 0.610149 0.169929
vt 0.619798 0.206895
vt 0.600035 0.182468
vt 0.473381 0.931617
vt 0.510813 0.991011
vt 0.538575 0.105716
vt 0.539270 0.084466
vt 0.508209 0.055452
vt 0.688575 0.177945
vt 0.662004 0.205494
vt 0.641272 0.163121
vt 0.548884 0.073812
vt 0.576929 0.079040
vt 0.500451 0.170733
vt 0.513177 0.165891
vt 0.601926 0.144330
vt 0.503712 0.124537
vt 0.506592 0.086076
vt 0.288786 0.469890
vt 0.305401 0.491018
vt 0.276068 0.485843
vt 0.336294 0.439987
vt 0.364037 0.418092
vt 0.360324 0.440794
vt 0.564929 0.864404
vt 0.602675 0.853867
vt 0.569232 0.879606
vt 0.570308 0.171490
vt 0.560994 0.185840
vt 0.553000 0.166587
vt 0.680146 0.745682
vt 0.642274 0.726404
vt 0.676919 0.721842
vt 0.794389 0.403871
vt 0.767607 0.412856
vt 0.787367 0.387419
vt 0.511201 0.963934
vt 0.510996 0.980310
vt 0.156058 0.575225
vt 0.181410 0.593195
vt 0.157499 0.615252
vt 0.582133 0.186688
vt 0.711128 0.722652
vt 0.677521 0.693744
vt 0.715556 0.698222
vt 0.574243 0.580511
vt 0.546222 0.580348
vt 0.608871 0.616784
vt 0.584341 0.602100
vt 0.580353 0.706066
vt 0.593602 0.679193
vt 0.568501 0.617062
vt 0.630662 0.686854
vt 0.595707 0.651081
vt 0.574533 0.647403
vt 0.591898 0.625363
vt 0.774930 0.731694
vt 0.518139 0.643810
vt 0.555532 0.636276
vt 0.484106 0.909488
vt 0.511762 0.900808
vt 0.511452 0.937152
vt 0.682571 0.837452
vt 0.654407 0.813949
vt 0.713121 0.806270
vt 0.456008 0.881222
vt 0.241089 0.540569
vt 0.226553 0.500180
vt 0.258618 0.510452
vt 0.596750 0.227419
vt 0.568187 0.206878
vt 0.592801 0.207228
vt 0.548241 0.941198
vt 0.575797 0.930553
vt 0.634965 0.899387
vt 0.609422 0.890848
vt 0.655408 0.869503
vt 0.538945 0.876710
vt 0.539805 0.896127
vt 0.577641 0.906749
vt 0.539209 0.936414
vt 0.635230 0.854889
vt 0.205638 0.732346
vt 0.596658 0.877276
vt 0.683104 0.483712
vt 0.676776 0.467484
vt 0.389634 0.391060
vt 0.370626 0.395996
vt 0.379285 0.377713
vt 0.320858 0.328814
vt 0.349529 0.322701
vt 0.339330 0.342239
vt 0.431679 0.427545
vt 0.414441 0.441118
vt 0.416399 0.418733
vt 0.336639 0.464949
vt 0.637157 0.575290
vt 0.561296 0.562622
vt 0.264307 0.366538
vt 0.228798 0.375824
vt 0.242904 0.341513
vt 0.531723 0.163701
vt 0.294432 0.864059
vt 0.307867 0.845171
vt 0.538978 0.184316
vt 0.251128 0.473224
vt 0.278843 0.455995
vt 0.811069 0.309849
vt 0.853670 0.328626
vt 0.828472 0.345820
vt 0.212040 0.538462
vt 0.228948 0.565834
vt 0.207411 0.576241
vt 0.268134 0.549906
vt 0.259674 0.597660
vt 0.241344 0.580590
vt 0.292996 0.275820
vt 0.306029 0.225109
vt 0.314068 0.246914
vt 0.373561 0.272236
vt 0.404779 0.324845
vt 0.360944 0.299802
vt 0.538515 0.742994
vt 0.512110 0.715684
vt 0.535129 0.716675
vt 0.325570 0.285864
vt 0.378483 0.138758
vt 0.376064 0.342064
vt 0.409330 0.365413
vt 0.391889 0.366172
vt 0.292202 0.518310
vt 0.349265 0.380707
vt 0.361663 0.360065
vt 0.467064 0.597907
vt 0.438079 0.617633
vt 0.455712 0.587184
vt 0.502569 0.151404
vt 0.485027 0.142906
vt 0.358947 0.461655
vt 0.336005 0.489791
vt 0.255644 0.406988
vt 0.298901 0.420678
vt 0.266441 0.434226
vt 0.333665 0.407709
vt 0.310567 0.467836
vt 0.307942 0.445436
vt 0.186115 0.302603
vt 0.152222 0.250953
vt 0.196142 0.257855
vt 0.361841 0.480579
vt 0.337572 0.523863
vt 0.177722 0.345084
vt 0.147412 0.349855
vt 0.159513 0.329628
vt 0.232115 0.450138
vt 0.284760 0.348016
vt 0.296476 0.620089
vt 0.309892 0.584169
vt 0.321477 0.606369
vt 0.437143 0.475554
vt 0.422859 0.496937
vt 0.423793 0.485570
vt 0.395741 0.499832
vt 0.396732 0.590857
vt 0.354413 0.587700
vt 0.385047 0.569478
vt 0.283074 0.393557
vt 0.483053 0.927569
vt 0.232193 0.629889
vt 0.214436 0.607254
vt 0.406884 0.556096
vt 0.453686 0.860762
vt 0.419064 0.826897
vt 0.409836 0.783617
vt 0.432887 0.817129
vt 0.419153 0.514495
vt 0.254701 0.265206
vt 0.292250 0.306977
vt 0.265552 0.315345
vt 0.320244 0.310311
vt 0.488068 0.679632
vt 0.459274 0.649603
vt 0.487051 0.647566
vt 0.305009 0.335224
vt 0.459256 0.112297
vt 0.307452 0.377214
vt 0.186968 0.632425
vt 0.158056 0.654709
vt 0.325760 0.359657
vt 0.332797 0.659277
vt 0.371890 0.690993
vt 0.333410 0.685073
vt 0.230780 0.728003
vt 0.228592 0.699428
vt 0.261163 0.720639
vt 0.303819 0.701775
vt 0.295838 0.686550
vt 0.322155 0.726948
vt 0.366036 0.716711
vt 0.362923 0.742459
vt 0.439953 0.683643
vt 0.469869 0.700769
vt 0.459334 0.712036
vt 0.345710 0.559968
vt 0.381078 0.545085
vt 0.484060 0.734383
vt 0.445401 0.724669
vt 0.611541 0.813679
vt 0.590027 0.841845
vt 0.262100 0.691696
vt 0.290386 0.664849
vt 0.251586 0.667897
vt 0.259366 0.640031
vt 0.279661 0.611541
vt 0.291542 0.640439
vt 0.292873 0.564196
vt 0.151158 0.529995
vt 0.182512 0.546975
vt 0.365699 0.615669
vt 0.386973 0.653059
vt 0.328137 0.631881
vt 0.190206 0.180600
vt 0.199603 0.195469
vt 0.472625 0.791815
vt 0.512705 0.827699
vt 0.482664 0.822177
vt 0.723561 0.345713
vt 0.726028 0.376376
vt 0.701430 0.356954
vt 0.402296 0.412565
vt 0.413990 0.393539
vt 0.845639 0.453771
vt 0.821407 0.431083
vt 0.844325 0.407812
vt 0.620452 0.786904
vt 0.581483 0.811262
vt 0.568605 0.835864
vt 0.561482 0.728172
vt 0.574589 0.744882
vt 0.724442 0.538082
vt 0.702672 0.507929
vt 0.721419 0.509708
vt 0.430692 0.735066
vt 0.428549 0.761640
vt 0.418974 0.742127
vt 0.441652 0.788554
vt 0.455562 0.817028
vt 0.398923 0.754126
vt 0.397238 0.730060
vt 0.592737 0.787862
vt 0.418420 0.693389
vt 0.404091 0.710221
vt 0.586361 0.386415
vt 0.543007 0.399049
vt 0.562214 0.364534
vt 0.473791 0.754115
vt 0.512341 0.787045
vt 0.453569 0.762243
vt 0.665611 0.389425
vt 0.647410 0.350910
vt 0.678152 0.372925
vt 0.791015 0.341977
vt 0.807000 0.365876
vt 0.771528 0.368673
vt 0.686825 0.409845
vt 0.661310 0.402350
vt 0.595223 0.268515
vt 0.597277 0.323589
vt 0.567833 0.282233
vt 0.653465 0.779723
vt 0.690191 0.765479
vt 0.648705 0.753753
vt 0.551626 0.805109
vt 0.548757 0.766161
vt 0.568653 0.781079
vt 0.599555 0.720666
vt 0.612988 0.741151
vt 0.286480 0.710761
vt 0.384021 0.520358
vt 0.372516 0.495364
vt 0.664053 0.312019
vt 0.623027 0.284165
vt 0.664922 0.288027
vt 0.495580 0.370562
vt 0.462129 0.350473
vt 0.493375 0.346304
vt 0.461348 0.899695
vt 0.715192 0.306660
vt 0.709393 0.286582
vt 0.491444 0.315404
vt 0.528063 0.351453
vt 0.579787 0.248819
vt 0.548218 0.229911
vt 0.572985 0.228139
vt 0.490950 0.256629
vt 0.464042 0.228465
vt 0.493142 0.230550
vt 0.490469 0.285045
vt 0.456514 0.254952
vt 0.750752 0.283242
vt 0.759470 0.330126
vt 0.762205 0.305585
vt 0.458841 0.846656
vt 0.466659 0.838145
vt 0.848344 0.367626
vt 0.720430 0.328201
vt 0.757070 0.235143
vt 0.758547 0.257734
vt 0.719039 0.237169
vt 0.724929 0.424976
vt 0.749091 0.395547
vt 0.703864 0.396109
vt 0.746988 0.354126
vt 0.679751 0.335478
vt 0.380624 0.467977
vt 0.750700 0.475085
vt 0.785161 0.470008
vt 0.430031 0.382374
vt 0.461162 0.396818
vt 0.449146 0.408630
vt 0.827931 0.780350
vt 0.852637 0.654536
vt 0.668150 0.447938
vt 0.534852 0.317804
vt 0.530410 0.285677
vt 0.340074 0.260335
vt 0.479960 0.182375
vt 0.496098 0.206595
vt 0.472039 0.204348
vt 0.524361 0.256907
vt 0.450811 0.284502
vt 0.521443 0.230930
vt 0.450971 0.317098
vt 0.411331 0.281755
vt 0.498729 0.185182
vt 0.422023 0.251351
vt 0.434647 0.224979
vt 0.447791 0.201078
vt 0.622443 0.230267
vt 0.412880 0.536655
vt 0.421773 0.563339
vt 0.304353 0.159168
vt 0.279328 0.150679
vt 0.352813 0.113608
vt 0.554700 0.254596
vt 0.556955 0.443035
vt 0.586089 0.421336
vt 0.586353 0.441839
vt 0.727570 0.264814
vt 0.704282 0.272297
vt 0.711884 0.648733
vt 0.683239 0.663888
vt 0.691393 0.635495
vt 0.414839 0.608634
vt 0.439762 0.574324
vt 0.448846 0.487555
vt 0.207428 0.667471
vt 0.159812 0.694459
vt 0.447433 0.436012
vt 0.430285 0.449401
vt 0.421939 0.467497
vt 0.742714 0.726335
vt 0.751245 0.699297
vt 0.453436 0.506512
vt 0.465825 0.539956
vt 0.441582 0.534214
vt 0.727452 0.638105
vt 0.647516 0.604220
vt 0.678410 0.587090
vt 0.666832 0.618728
vt 0.463474 0.439470
vt 0.447350 0.458540
vt 0.568208 0.412301
vt 0.525996 0.435788
vt 0.525259 0.568758
vt 0.539014 0.565701
vt 0.744194 0.668627
vt 0.302689 0.742353
vt 0.587174 0.466418
vt 0.616912 0.461597
vt 0.745918 0.780935
vt 0.746754 0.756126
vt 0.481775 0.434245
vt 0.466425 0.469178
vt 0.392496 0.477483
vt 0.552175 0.714161
vt 0.406408 0.460243
vt 0.392814 0.452331
vt 0.596616 0.242558
vt 0.409130 0.483226
vt 0.739619 0.571064
vt 0.721788 0.748055
vt 0.704829 0.739489
vt 0.710043 0.779306
vt 0.592324 0.522853
vt 0.745346 0.621947
vt 0.760244 0.603288
vt 0.715051 0.671047
vt 0.719948 0.586905
vt 0.703915 0.609951
vt 0.809207 0.397323
vt 0.195317 0.711353
vt 0.828282 0.385160
vt 0.382239 0.213503
vt 0.390590 0.186337
vt 0.403628 0.193052
vt 0.436806 0.161516
vt 0.440180 0.176864
vt 0.422958 0.174329
vt 0.735149 0.463859
vt 0.766916 0.453703
vt 0.800799 0.434140
vt 0.749869 0.530138
vt 0.783246 0.426798
vt 0.748926 0.439464
vt 0.610917 0.370589
vt 0.462572 0.129616
vt 0.296583 0.123397
vt 0.926229 0.506344
vt 0.926229 0.627728
vt 0.384759 0.165982
vt 0.385130 0.179756
vt 0.367087 0.188239
vt 0.588883 0.487065
vt 0.590374 0.500887
vt 0.690160 0.459573
vt 0.613279 0.250718
vt 0.460401 0.178956
vt 0.434288 0.153762
vt 0.428161 0.145576
vt 0.460020 0.144309
vt 0.472512 0.159413
vt 0.423841 0.197658
vt 0.452882 0.159053
vt 0.103044 0.400626
vt 0.080940 0.487456
vt 0.082385 0.362630
vt 0.401210 0.164626
vt 0.406084 0.220283
vt 0.411772 0.168950
vt 0.138079 0.482744
vt 0.188012 0.478651
vt 0.654536 0.236974
vt 0.693016 0.249659
vt 0.639568 0.374681
vt 0.624224 0.401374
vt 0.516236 0.383383
vt 0.500129 0.412086
vt 0.811799 0.498925
vt 0.645395 0.399731
vt 0.478583 0.560807
vt 0.505891 0.575771
vt 0.484367 0.587087
vt 0.478784 0.382474
vt 0.438386 0.362469
vt 0.789776 0.278792
vt 0.636630 0.429913
vt 0.656674 0.424459
vt 0.725747 0.486107
vt 0.672983 0.418994
vt 0.700777 0.433176
vt 0.684498 0.440084
vt 0.168145 0.386628
vt 0.202908 0.362692
vt 0.194515 0.410416
vt 0.125178 0.713333
vt 0.099380 0.726631
vt 0.640366 0.259921
vt 0.575776 0.512117
vt 0.675001 0.267132
vt 0.710986 0.482245
vt 0.718676 0.457212
vt 0.703546 0.456346
vt 0.903274 0.505136
vt 0.878562 0.458627
vt 0.901340 0.421989
vt 0.562023 0.496619
vt 0.527302 0.540841
vt 0.553118 0.473997
vt 0.503883 0.541969
vt 0.612731 0.436142
vt 0.602814 0.410494
vt 0.249040 0.383364
vt 0.225425 0.413910
vt 0.558799 0.528984
vt 0.217897 0.318097
vt 0.576872 0.542953
vt 0.538054 0.514082
vt 0.430107 0.651017
vt 0.509558 0.607595
vt 0.331166 0.707335
vt 0.486003 0.616114
vt 0.461795 0.620173
vt 0.429703 0.404361
vt 0.442390 0.416294
vt 0.134478 0.615587
vt 0.411335 0.089006
vt 0.330911 0.186330
vt 0.346706 0.146328
vt 0.341765 0.222859
vt 0.266881 0.171630
vt 0.251353 0.206958
vt 0.217185 0.205852
vt 0.155934 0.295468
vt 0.360397 0.235765
vt 0.790529 0.774141
vt 0.767046 0.795237
vt 0.367645 0.203430
vt 0.292988 0.200681
vt 0.340252 0.202940
vt 0.697619 0.850750
vt 0.731106 0.824356
vt 0.824237 0.271216
vt 0.513623 0.682844
vt 0.537735 0.688515
vt 0.112745 0.331684
vt 0.133817 0.386526
vt 0.155806 0.433081
vt 0.121699 0.438062
vt 0.888252 0.324812
vt 0.889305 0.276643
vt 0.910381 0.268827
vt 0.775710 0.816517
vt 0.926229 0.263576
vt 0.896485 0.354565
vt 0.512565 0.855875
vt 0.538409 0.857063
vt 0.863784 0.352045
vt 0.701130 0.161082
vt 0.486511 0.848024
vt 0.542395 0.832455
vt 0.512187 0.877903
vt 0.483601 0.886408
vt 0.485288 0.867375
vt 0.874979 0.319157
vt 0.857868 0.289536
vt 0.778421 0.195004
vt 0.774475 0.219589
vt 0.736059 0.189144
vt 0.852299 0.252527
vt 0.833008 0.232822
vt 0.847350 0.262945
vt 0.886125 0.504215
vt 0.858626 0.502601
vt 0.721543 0.210478
vt 0.866633 0.371787
vt 0.871070 0.408086
vt 0.833280 0.749652
vt 0.635888 0.594597
vt 0.133677 0.668684
vt 0.170503 0.723976
vt 0.113216 0.484774
vt 0.140966 0.634087
vt 0.361409 0.173316
vt 0.760684 0.561342
vt 0.488208 0.709041
vt 0.511830 0.747277
vt 0.388766 0.245025
vt 0.378747 0.445110
vt 0.373387 0.458637
vt 0.706630 0.859005
vt 0.557775 0.853681
vt 0.387825 0.406444
vt 0.384090 0.426325
vt 0.399985 0.389988
vt 0.399858 0.433696
vt 0.099108 0.485941
vt 0.718521 0.870061
vt 0.614667 0.930536
vt 0.489226 0.164245
vt 0.769961 0.587716
vt 0.578288 0.630119
vt 0.463297 0.679025
vt 0.926229 0.384960
vt 0.717783 0.136283
vt 0.708352 0.150484
vt 0.822375 0.809586
vt 0.402622 0.927535
vt 0.079496 0.612282
vt 0.402960 0.066193
vt 0.822006 0.199929
vt 0.186242 0.800584
vt 0.613560 0.072636
vt 0.546198 0.548907
vt 0.501266 0.489832
vn 0.0590 0.9983 0.0040
vn 0.0120 0.9999 -0.0102
vn 0.0471 0.9989 0.0014
vn 0.0640 0.9868 0.1486
vn 0.0272 0.9986 0.0448
vn 0.0221 0.9972 0.0719
vn 0.1349 0.9391 0.3162
vn 0.0768 0.9656 0.2483
vn 0.1148 0.9614 0.2502
vn -0.0215 0.9997 -0.0118
vn -0.0042 1.0000 -0.0019
vn -0.0083 0.9999 -0.0056
vn 0.0597 0.9787 0.1964
vn 0.0348 0.9553 0.2936
vn -0.0014 0.9648 0.2630
vn 0.0125 0.9963 -0.0853
vn 0.0157 0.9971 -0.0739
vn 0.0192 0.9971 -0.0740
vn -0.0073 0.9993 -0.0378
vn 0.0131 0.9994 -0.0321
vn 0.0049 1.0000 -0.0082
vn 0.0006 0.9902 -0.1395
vn -0.0174 0.9928 -0.1185
vn -0.0170 0.9773 -0.2111
vn -0.0118 0.9990 0.0424
vn -0.0086 0.9987 0.0495
vn 0.0007 0.9997 0.0232
vn -0.0377 0.9993 -0.0037
vn -0.0482 0.9988 -0.0122
vn -0.0300 0.9991 -0.0295
vn -0.0477 0.9988 -0.0054
vn -0.0223 0.9997 0.0040
vn -0.0452 0.9990 0.0007
vn -0.0181 0.9998 0.0125
vn 0.0164 0.9988 0.0453
vn 0.0047 0.9988 0.0485
vn -0.0475 0.9987 0.0193
vn -0.0233 0.9997 0.0034
vn 0.2184 0.9493 0.2263
vn 0.1216 0.9633 0.2395
vn 0.1193 0.9736 0.1948
vn 0.1088 0.9924 0.0568
vn 0.0241 0.9932 0.1135
vn -0.0276 0.9981 0.0556
vn -0.0212 0.9987 0.0459
vn 0.0658 0.9891 0.1319
vn 0.0799 0.9869 0.1404
vn 0.1142 0.9935 0.0008
vn 0.2500 0.9682 -0.0136
vn 0.1466 0.9891 0.0132
vn 0.0629 0.9969 0.0473
vn 0.1378 0.9832 0.1198
vn 0.0769 0.9952 0.0605
vn -0.1766 0.9086 -0.3785
vn -0.1175 0.8519 -0.5104
vn -0.1404 0.8598 -0.4910
vn 0.0149 0.9989 -0.0443
vn 0.0176 0.9997 -0.0175
vn -0.0113 0.9999 -0.0073
vn -0.0275 0.9995 -0.0163
vn -0.0116 0.9999 -0.0071
vn -0.0034 1.0000 0.0015
vn -0.0014 1.0000 -0.0000
vn -0.0055 1.0000 0.0013
vn -0.0186 0.9997 0.0155
vn -0.0018 1.0000 0.0032
vn -0.0040 1.0000 0.0089
vn 0.0547 0.9978 0.0373
vn 0.0151 0.9998 0.0090
vn 0.0453 0.9986 0.0276
vn 0.0020 1.0000 -0.0025
vn 0.0131 0.9999 -0.0002
vn 0.0017 1.0000 -0.0008
vn 0.0015 1.0000 -0.0011
vn 0.0038 1.0000 -0.0035
vn 0.0050 1.0000 -0.0038
vn 0.0091 1.0000 -0.0037
vn 0.1406 0.9866 -0.0827
vn 0.0817 0.9967 -0.0031
vn 0.0371 0.9978 -0.0544
vn 0.0397 0.9992 -0.0029
vn 0.0448 0.9990 -0.0004
vn 0.0080 0.9999 -0.0104
vn 0.0123 0.9999 -0.0056
vn -0.0022 0.9999 0.0144
vn 0.0019 1.0000 0.0040
vn 0.0046 0.9999 0.0104
vn -0.0499 0.9983 -0.0288
vn -0.0163 0.9998 -0.0086
vn -0.0030 1.0000 -0.0020
vn -0.0219 0.9997 0.0055
vn -0.0104 0.9999 0.0055
vn -0.0327 0.9993 0.0170
vn 0.2648 0.9051 0.3327
vn 0.2488 0.9456 0.2098
vn 0.3307 0.9058 0.2648
vn -0.0074 1.0000 -0.0041
vn -0.0265 0.9995 -0.0146
vn -0.0108 0.9999 -0.0060
vn 0.0229 0.9996 0.0147
vn 0.0320 0.9993 0.0193
vn 0.0287 0.9994 0.0208
vn -0.0034 1.0000 -0.0020
vn -0.0781 0.9957 -0.0494
vn -0.0406 0.9989 -0.0239
vn -0.0299 0.9994 -0.0198
vn -0.0117 0.9999 -0.0066
vn -0.0031 1.0000 -0.0017
vn 0.1578 0.9066 0.3914
vn 0.1777 0.9549 0.2380
vn -0.0013 0.9998 -0.0174
vn 0.0030 0.9998 -0.0217
vn -0.0045 0.9995 -0.0327
vn -0.0295 0.9759 0.2164
vn 0.0146 0.9998 -0.0120
vn -0.0989 0.9938 0.0513
vn 0.1484 0.9439 0.2951
vn 0.0863 0.9383 0.3348
vn -0.2086 0.9698 0.1262
vn -0.1399 0.9646 0.2234
vn -0.1353 0.9702 0.2011
vn 0.2238 0.9721 0.0700
vn 0.0928 0.9776 0.1892
vn 0.1876 0.9613 0.2016
vn 0.2518 0.9575 0.1410
vn 0.2331 0.9724 -0.0129
vn 0.3238 0.9350 0.1448
vn -0.0054 1.0000 -0.0020
vn -0.0008 1.0000 -0.0011
vn 0.0952 0.9902 0.1026
vn 0.0572 0.9973 0.0457
vn 0.0162 0.9992 0.0367
vn 0.0780 0.9959 0.0447
vn 0.1230 0.9923 0.0115
vn 0.1189 0.9908 0.0645
vn 0.0252 0.9995 0.0179
vn 0.0135 0.9999 0.0108
vn -0.0901 0.9168 0.3891
vn 0.0297 0.9285 0.3701
vn 0.1441 0.9843 0.1019
vn 0.0460 0.9673 0.2493
vn 0.0256 0.9964 0.0810
vn -0.3112 0.9008 -0.3028
vn -0.2357 0.9171 -0.3216
vn -0.2732 0.9209 -0.2782
vn -0.1604 0.9608 -0.2263
vn 0.0672 0.9868 -0.1474
vn -0.0312 0.9579 -0.2854
vn -0.0153 0.9944 -0.1042
vn -0.0262 0.9921 -0.1223
vn -0.0082 0.9982 -0.0594
vn 0.3219 0.9121 0.2538
vn 0.1984 0.9704 0.1376
vn 0.2586 0.9199 0.2948
vn -0.0709 0.8474 -0.5263
vn -0.0429 0.9339 -0.3548
vn 0.0119 0.9253 -0.3790
vn 0.1063 0.9907 -0.0849
vn 0.0595 0.9972 -0.0447
vn 0.0996 0.9943 -0.0378
vn -0.0034 1.0000 -0.0063
vn -0.0014 1.0000 -0.0020
vn -0.0202 0.9998 -0.0094
vn -0.0079 0.9999 -0.0106
vn -0.0087 1.0000 -0.0036
vn 0.2903 0.9485 0.1266
vn 0.0713 0.9044 -0.4206
vn 0.1523 0.9728 -0.1745
vn 0.2130 0.9494 -0.2308
vn 0.0566 0.9540 0.2944
vn 0.0685 0.9741 0.2153
vn 0.0923 0.9460 0.3107
vn 0.0454 0.9364 0.3479
vn -0.1704 0.9853 0.0151
vn -0.0693 0.9919 0.1068
vn 0.0056 0.9388 0.3443
vn 0.0472 0.9973 -0.0570
vn 0.0046 0.9730 0.2309
vn -0.0561 0.9572 0.2838
vn 0.0400 0.9442 0.3270
vn 0.0590 0.9616 -0.2679
vn -0.0643 0.9827 0.1736
vn -0.0528 0.9508 0.3053
vn -0.0207 0.9998 -0.0081
vn -0.0128 0.9996 -0.0240
vn -0.0054 0.9999 -0.0107
vn 0.0003 0.9971 -0.0765
vn -0.0395 0.9585 -0.2823
vn -0.0114 0.9890 -0.1474
vn -0.0257 0.9996 -0.0129
vn -0.0834 0.9932 -0.0810
vn -0.1751 0.9780 -0.1131
vn -0.1734 0.9684 -0.1792
vn 0.1178 0.9691 -0.2170
vn 0.1239 0.9913 -0.0451
vn 0.2135 0.9756 -0.0504
vn 0.0002 1.0000 -0.0060
vn -0.0008 1.0000 -0.0068
vn 0.0002 1.0000 -0.0077
vn -0.0029 0.9996 -0.0268
vn 0.0004 0.9996 -0.0280
vn -0.0115 0.9972 -0.0740
vn -0.0032 0.9992 -0.0394
vn -0.0047 0.9998 -0.0191
vn 0.0038 0.9999 -0.0135
vn -0.0129 0.9966 -0.0819
vn -0.0272 0.9995 -0.0166
vn -0.0092 0.9986 -0.0518
vn -0.0560 0.9984 -0.0011
vn -0.0549 0.9985 -0.0076
vn 0.2998 0.9461 -0.1223
vn 0.1849 0.9811 -0.0566
vn 0.2764 0.9609 -0.0174
vn 0.1411 0.9444 0.2970
vn 0.2100 0.9544 0.2123
vn 0.1787 0.9572 0.2276
vn 0.1671 0.9764 -0.1368
vn 0.1764 0.9548 -0.2394
vn 0.2393 0.9547 -0.1766
vn -0.1913 0.9128 -0.3607
vn 0.1703 0.9413 0.2914
vn 0.0657 0.9781 0.1975
vn -0.2198 0.9069 0.3596
vn -0.2986 0.8915 0.3408
vn -0.1978 0.9058 0.3747
vn 0.1579 0.9284 0.3362
vn -0.0005 1.0000 -0.0003
vn -0.0020 1.0000 -0.0012
vn 0.0958 0.9798 0.1754
vn -0.3125 0.9353 -0.1662
vn -0.3372 0.9239 -0.1808
vn 0.0448 0.9988 0.0211
vn 0.0348 0.9990 -0.0281
vn 0.0716 0.9971 -0.0275
vn -0.0536 0.9945 -0.0900
vn -0.0407 0.9988 -0.0261
vn -0.0160 0.9997 -0.0198
vn -0.0823 0.9951 -0.0544
vn -0.0403 0.9980 0.0495
vn -0.0391 0.9992 0.0078
vn 0.0783 0.9635 0.2559
vn 0.0372 0.9941 0.1024
vn 0.0696 0.9856 0.1543
vn 0.0463 0.9908 0.1272
vn 0.1361 0.9907 0.0083
vn 0.1546 0.9752 0.1584
vn -0.2760 0.9607 -0.0297
vn -0.2046 0.9782 0.0365
vn -0.2635 0.9622 0.0687
vn 0.1227 0.9654 0.2299
vn 0.0057 0.9999 0.0141
vn 0.2576 0.9634 0.0740
vn 0.2370 0.9681 -0.0811
vn 0.3121 0.9493 -0.0388
vn -0.1444 0.9716 -0.1872
vn 0.1106 0.9898 0.0898
vn 0.2308 0.9673 0.1055
vn 0.0275 0.9915 0.1273
vn -0.0080 0.9942 0.1076
vn 0.0235 0.9907 0.1340
vn 0.0034 0.8998 0.4362
vn -0.0409 0.9298 0.3658
vn -0.0814 0.9194 -0.3848
vn -0.1609 0.9237 -0.3476
vn -0.3455 0.9136 0.2143
vn -0.2522 0.9676 0.0125
vn -0.3560 0.9342 0.0225
vn -0.0766 0.9971 0.0023
vn -0.2708 0.9035 -0.3323
vn -0.2658 0.9435 -0.1979
vn -0.0840 0.9908 0.1062
vn -0.0121 0.9993 0.0349
vn -0.0181 0.9958 0.0898
vn -0.0445 0.9201 -0.3892
vn -0.0527 0.9859 -0.1588
vn -0.1070 0.9859 0.1284
vn -0.0480 0.9978 0.0457
vn -0.0548 0.9967 0.0605
vn -0.3437 0.9382 0.0401
vn -0.0949 0.9289 0.3579
vn -0.0412 0.9939 0.1021
vn -0.0285 0.9968 0.0747
vn -0.0283 0.9944 0.1018
vn 0.0082 0.9873 -0.1584
vn 0.0084 0.9967 -0.0804
vn -0.0029 0.9848 -0.1739
vn 0.0312 0.9851 -0.1691
vn 0.0101 0.9926 0.1206
vn -0.0070 0.9950 0.1001
vn 0.0190 0.9943 0.1051
vn -0.2324 0.9483 0.2163
vn -0.0138 0.9999 -0.0037
vn -0.0328 0.9979 0.0551
vn -0.0153 0.9996 0.0224
vn 0.0240 0.9934 0.1119
vn -0.0444 0.9987 -0.0230
vn -0.0547 0.9979 -0.0335
vn -0.1060 0.9922 -0.0655
vn -0.0837 0.9953 -0.0490
vn 0.0214 0.9997 0.0145
vn 0.0019 0.9792 0.2031
vn 0.0661 0.9410 0.3320
vn -0.0736 0.9245 0.3740
vn 0.1573 0.9445 0.2884
vn -0.0986 0.9946 0.0315
vn -0.0323 0.9979 0.0558
vn -0.0413 0.9956 0.0846
vn 0.0426 0.9424 0.3317
vn -0.0275 0.9959 0.0863
vn -0.0910 0.9698 0.2262
vn -0.0115 0.9998 0.0190
vn -0.0128 0.9998 0.0129
vn 0.0634 0.9700 0.2345
vn -0.0637 0.9973 0.0359
vn -0.1001 0.9943 -0.0374
vn -0.0977 0.9948 -0.0280
vn -0.0505 0.9984 -0.0265
vn -0.0722 0.9973 -0.0135
vn -0.0907 0.9949 -0.0448
vn -0.1276 0.9900 -0.0593
vn -0.1095 0.9938 -0.0191
vn -0.1269 0.9889 -0.0773
vn -0.1275 0.9888 -0.0778
vn -0.1245 0.9890 -0.0796
vn -0.0842 0.9964 -0.0072
vn -0.0956 0.9951 -0.0241
vn -0.1102 0.9928 -0.0461
vn -0.0076 0.9991 0.0425
vn 0.0208 0.9977 0.0647
vn -0.1512 0.9877 -0.0389
vn -0.1250 0.9898 -0.0684
vn -0.0650 0.9394 -0.3367
vn -0.0459 0.9812 -0.1875
vn -0.1045 0.9944 -0.0183
vn -0.0801 0.9960 0.0395
vn -0.0744 0.9965 0.0381
vn -0.0523 0.9955 0.0790
vn -0.0422 0.9954 0.0855
vn -0.0537 0.9948 0.0865
vn -0.0502 0.9987 -0.0036
vn -0.0558 0.9984 0.0074
vn -0.0444 0.9985 -0.0325
vn -0.0174 0.9952 0.0968
vn -0.0510 0.9979 0.0399
vn -0.0366 0.9956 0.0865
vn 0.0002 1.0000 0.0029
vn 0.0009 0.9999 0.0121
vn -0.1394 0.9870 -0.0794
vn -0.0885 0.9900 -0.1094
vn -0.1040 0.9923 -0.0668
vn 0.0509 0.9943 0.0940
vn 0.0325 0.9980 0.0539
vn 0.0280 0.9965 0.0787
vn 0.2807 0.9392 -0.1978
vn 0.2596 0.9559 -0.1371
vn 0.0251 0.9993 -0.0263
vn 0.0661 0.9952 -0.0725
vn 0.0426 0.9982 -0.0427
vn -0.1081 0.8685 -0.4837
vn -0.0928 0.9391 -0.3309
vn -0.0443 0.9776 -0.2059
vn -0.2520 0.9670 -0.0362
vn -0.2218 0.9555 -0.1944
vn 0.0719 0.9963 -0.0476
vn 0.0067 0.9995 -0.0301
vn 0.0271 0.9973 -0.0689
vn -0.1341 0.9874 -0.0842
vn -0.1377 0.9868 -0.0856
vn -0.1402 0.9859 -0.0914
vn -0.1252 0.9896 -0.0703
vn -0.1061 0.9928 -0.0560
vn -0.1276 0.9882 -0.0849
vn -0.1341 0.9873 -0.0854
vn -0.1358 0.8822 -0.4508
vn -0.0949 0.9950 -0.0304
vn -0.1203 0.9905 -0.0673
vn -0.0230 0.9996 -0.0153
vn 0.0126 0.9995 -0.0283
vn -0.0065 0.9986 -0.0517
vn -0.1558 0.9850 -0.0736
vn -0.1772 0.9769 -0.1197
vn -0.1433 0.9862 -0.0833
vn -0.0331 0.9990 0.0302
vn -0.0014 0.9994 0.0337
vn -0.0021 0.9986 0.0536
vn 0.0847 0.9960 0.0286
vn 0.1081 0.9935 -0.0358
vn 0.0812 0.9963 0.0277
vn -0.0279 0.9993 0.0244
vn -0.0503 0.9985 0.0222
vn 0.0284 0.9644 -0.2629
vn -0.0056 0.9951 -0.0983
vn -0.0362 0.9710 -0.2363
vn -0.0814 0.8623 -0.4998
vn -0.0801 0.8392 -0.5378
vn -0.0922 0.8499 -0.5188
vn -0.1463 0.9570 -0.2505
vn -0.2478 0.9530 -0.1741
vn -0.1872 0.9192 -0.3465
vn -0.1250 0.9788 -0.1625
vn -0.1200 0.9160 -0.3829
vn -0.1230 0.9906 -0.0591
vn 0.0207 0.9983 -0.0540
vn 0.0036 0.9547 -0.2975
vn 0.0289 0.9995 0.0114
vn 0.0341 0.9871 -0.1565
vn 0.0353 0.9984 -0.0437
vn 0.0393 0.9969 -0.0688
vn 0.0528 0.9945 -0.0900
vn 0.0234 0.9947 -0.1006
vn -0.0151 0.9999 -0.0064
vn 0.0396 0.9974 0.0605
vn 0.0305 0.9994 0.0177
vn -0.0180 0.9925 -0.1207
vn -0.0005 0.9963 -0.0854
vn 0.0079 0.9570 -0.2900
vn -0.0528 0.9834 -0.1736
vn 0.0417 0.9774 -0.2072
vn -0.1356 0.9869 -0.0872
vn -0.1474 0.9818 0.1195
vn -0.1716 0.9851 0.0121
vn -0.0772 0.9897 -0.1204
vn -0.1032 0.9944 0.0246
vn 0.0203 0.9994 0.0293
vn 0.0688 0.9942 0.0821
vn 0.0447 0.9970 0.0638
vn -0.0687 0.9970 -0.0366
vn -0.0872 0.9950 -0.0489
vn 0.0487 0.9978 -0.0453
vn 0.0503 0.9942 0.0949
vn 0.0310 0.9995 0.0098
vn 0.0136 0.9999 0.0048
vn 0.0277 0.9996 -0.0112
vn 0.0119 0.9999 -0.0061
vn 0.0457 0.9989 0.0127
vn 0.0028 0.9993 0.0380
vn 0.0639 0.9953 0.0728
vn 0.0281 0.9970 0.0715
vn 0.0393 0.9163 -0.3985
vn 0.0186 0.9961 -0.0866
vn 0.0437 0.9957 -0.0812
vn 0.1608 0.9820 -0.0995
vn 0.0816 0.9944 -0.0676
vn 0.1073 0.9907 -0.0835
vn 0.0006 0.9999 -0.0134
vn 0.0290 0.9996 -0.0028
vn -0.0560 0.9984 0.0025
vn -0.0271 0.9886 -0.1482
vn -0.0770 0.9770 -0.1987
vn 0.0617 0.9831 0.1724
vn -0.1526 0.9234 0.3523
vn -0.1689 0.9741 0.1505
vn -0.1635 0.9569 0.2399
vn -0.1297 0.9741 -0.1850
vn -0.0441 0.9984 -0.0366
vn -0.1363 0.9857 -0.0989
vn 0.0277 0.9974 -0.0669
vn 0.0052 0.9984 0.0564
vn -0.1372 0.9482 0.2866
vn -0.0545 0.9931 0.1043
vn -0.0921 0.9803 0.1749
vn -0.1104 0.9585 0.2630
vn 0.1271 0.9735 -0.1902
vn 0.0272 0.9962 0.0828
vn 0.0198 0.9916 0.1276
vn 0.0019 0.9995 0.0330
vn -0.0005 1.0000 0.0089
vn 0.0005 0.9999 0.0103
vn -0.0632 0.9652 -0.2536
vn 0.0063 1.0000 -0.0005
vn -0.0182 0.9998 0.0044
vn -0.0150 0.9998 0.0092
vn 0.0101 0.9999 -0.0069
vn 0.0200 0.9996 -0.0174
vn 0.3648 0.9310 0.0167
vn 0.2739 0.9616 -0.0176
vn 0.3423 0.9379 0.0563
vn -0.0041 0.9937 0.1118
vn 0.0205 0.9908 0.1337
vn -0.0095 0.9979 -0.0638
vn -0.0378 0.9990 0.0233
vn -0.0202 0.9998 0.0017
vn 0.1063 0.9892 -0.1013
vn 0.1085 0.9771 -0.1828
vn 0.0480 0.9709 -0.2345
vn 0.0811 0.9123 -0.4014
vn 0.2301 0.9511 -0.2060
vn 0.0069 0.9993 0.0366
vn 0.0302 0.9932 0.1125
vn 0.0189 0.9942 0.1056
vn 0.3573 0.9337 0.0219
vn 0.2346 0.9490 0.2105
vn 0.2731 0.9543 0.1214
vn 0.2980 0.9470 0.1201
vn 0.0704 0.9947 -0.0743
vn 0.0554 0.9904 -0.1270
vn -0.0039 0.9999 -0.0095
vn 0.0292 0.9994 -0.0180
vn 0.0887 0.9867 0.1361
vn 0.0888 0.9841 0.1536
vn 0.3379 0.9389 -0.0658
vn -0.0925 0.9942 -0.0544
vn -0.0109 0.9999 0.0083
vn -0.0306 0.9995 0.0066
vn -0.0207 0.9787 -0.2044
vn -0.0205 0.9229 -0.3845
vn 0.0519 0.9976 -0.0448
vn 0.0219 0.9979 -0.0606
vn 0.0385 0.9419 -0.3337
vn -0.2639 0.9623 0.0662
vn 0.0974 0.9468 -0.3068
vn 0.1261 0.9286 -0.3491
vn 0.0626 0.9535 -0.2948
vn 0.0249 0.9678 -0.2503
vn 0.1353 0.9908 -0.0083
vn -0.0265 0.8553 -0.5174
vn -0.0299 0.8475 -0.5299
vn -0.0426 0.9229 -0.3827
vn 0.0407 0.9930 0.1106
vn 0.2775 0.9605 0.0204
vn 0.1639 0.9864 0.0112
vn 0.3182 0.9458 -0.0655
vn 0.2530 0.9671 0.0266
vn 0.3370 0.9397 0.0581
vn 0.1147 0.9891 -0.0920
vn -0.0357 0.9993 -0.0140
vn 0.0865 0.9938 -0.0703
vn -0.0104 0.9854 0.1700
vn -0.0063 0.9893 0.1459
vn -0.0245 0.9807 0.1938
vn -0.0441 0.9760 0.2131
vn -0.0646 0.9579 0.2797
vn -0.0316 0.9771 0.2102
vn 0.0134 0.9972 -0.0732
vn 0.0430 0.9951 -0.0895
vn 0.0806 0.9914 -0.1033
vn 0.0338 0.9981 -0.0507
vn 0.0758 0.9929 -0.0915
vn 0.0316 0.9978 -0.0584
vn -0.0314 0.9995 -0.0084
vn -0.0441 0.9861 0.1605
vn -0.0001 1.0000 0.0021
vn 0.0009 1.0000 -0.0009
vn 0.0004 1.0000 -0.0003
vn 0.0037 0.9988 0.0494
vn 0.0011 0.9949 0.1007
vn 0.0097 0.9964 0.0844
vn -0.0037 0.9999 0.0119
vn 0.0085 0.9994 0.0342
vn -0.0481 0.9988 -0.0104
vn 0.0680 0.9622 -0.2637
vn -0.1131 0.9336 0.3401
vn -0.0397 0.9883 0.1471
vn -0.0229 0.9957 0.0899
vn -0.0575 0.9699 0.2365
vn -0.0946 0.9217 0.3762
vn -0.0573 0.9700 0.2361
vn -0.0656 0.9574 0.2813
vn -0.0121 0.9999 0.0074
vn -0.0021 1.0000 0.0012
vn -0.0030 1.0000 0.0017
vn -0.0056 0.9964 0.0841
vn -0.0421 0.9820 0.1843
vn -0.0147 0.9900 0.1404
vn -0.0718 0.9966 0.0397
vn -0.1686 0.9854 0.0253
vn 0.0888 0.9896 -0.1133
vn 0.0252 0.9987 -0.0441
vn -0.0392 0.9990 0.0235
vn -0.0449 0.9990 0.0080
vn 0.0283 0.9983 -0.0508
vn 0.0480 0.9980 -0.0410
vn 0.0220 0.9991 -0.0373
vn -0.0524 0.9985 0.0158
vn 0.0483 0.9908 0.1267
vn 0.0709 0.9890 0.1299
vn 0.0476 0.9904 0.1296
vn 0.0612 0.9961 -0.0635
vn 0.1086 0.9908 -0.0812
vn 0.0220 0.9994 0.0255
vn -0.0485 0.9988 0.0108
vn -0.0567 0.9983 0.0122
vn 0.0104 0.9969 -0.0785
vn -0.0501 0.9986 0.0153
vn -0.0239 0.9997 0.0015
vn -0.0488 0.9988 0.0031
vn -0.1225 0.9865 0.1086
vn -0.2083 0.9465 0.2467
vn -0.2531 0.9505 0.1802
vn -0.0105 0.9999 -0.0009
vn -0.0031 1.0000 -0.0001
vn 0.0498 0.9849 -0.1659
vn 0.0330 0.9976 0.0615
vn 0.0263 0.9973 -0.0680
vn -0.0063 0.9985 -0.0550
vn -0.0020 0.9991 -0.0434
vn -0.0264 0.9994 -0.0222
vn 0.0016 1.0000 -0.0016
vn 0.0083 0.9999 -0.0073
vn 0.0049 1.0000 -0.0046
vn 0.0255 0.9994 0.0241
vn 0.0854 0.9920 0.0926
vn 0.0155 0.9998 0.0089
vn 0.0683 0.9931 0.0950
vn -0.0347 0.9993 0.0116
vn -0.0348 0.9994 0.0041
vn -0.3092 0.8890 0.3378
vn -0.3687 0.9028 0.2215
vn 0.0584 0.9938 0.0945
vn -0.1277 0.9601 0.2490
vn 0.0525 0.9860 0.1583
vn 0.0578 0.9969 0.0526
vn -0.0440 0.9978 0.0492
vn 0.0374 0.9862 0.1612
vn -0.1256 0.9896 -0.0705
vn 0.0183 0.9920 0.1248
vn 0.0040 0.9945 0.1043
vn 0.1847 0.9762 -0.1139
vn 0.1335 0.9859 -0.1005
vn -0.0091 1.0000 -0.0036
vn 0.0011 1.0000 0.0066
vn 0.0171 0.9992 0.0363
vn 0.0047 0.9997 0.0244
vn 0.0248 0.9907 0.1340
vn 0.0006 0.9996 0.0270
vn 0.0040 0.9971 0.0755
vn 0.0020 0.9992 0.0395
vn -0.0439 0.9983 0.0381
vn 0.0161 0.9876 0.1563
vn -0.0066 0.9964 -0.0848
vn -0.0007 0.9986 -0.0537
vn 0.0071 0.9909 0.1344
vn 0.0136 0.9978 0.0642
vn 0.0214 0.9968 0.0767
vn 0.0004 0.9998 -0.0194
vn -0.0003 0.9994 -0.0337
vn 0.0259 0.9993 0.0252
vn -0.1603 0.9822 0.0977
vn -0.2172 0.9652 0.1457
vn -0.0106 0.9999 0.0097
vn -0.0451 0.9984 0.0345
vn -0.1102 0.9917 0.0658
vn -0.0388 0.9990 0.0239
vn 0.0240 0.9993 -0.0277
vn 0.0321 0.9995 -0.0017
vn 0.0418 0.9991 -0.0027
vn -0.0003 1.0000 -0.0096
vn 0.0340 0.9994 -0.0046
vn 0.0122 0.9999 -0.0120
vn -0.0509 0.9949 -0.0868
vn -0.0264 0.9928 -0.1167
vn 0.0322 0.9988 -0.0364
vn 0.0334 0.9992 0.0206
vn -0.0815 0.9950 -0.0582
vn -0.0646 0.9840 -0.1662
vn -0.0288 0.9981 -0.0540
vn -0.0326 0.9993 -0.0207
vn -0.0546 0.9977 -0.0397
vn 0.0273 0.9991 -0.0326
vn 0.0252 0.9997 0.0015
vn 0.0219 0.9997 0.0137
vn 0.0383 0.9990 0.0216
vn 0.0428 0.9988 0.0253
vn 0.0378 0.9989 0.0274
vn 0.0297 0.9994 0.0191
vn 0.0322 0.9991 0.0276
vn 0.0044 1.0000 -0.0037
vn 0.0128 0.9999 -0.0106
vn 0.0585 0.9981 0.0207
vn 0.0260 0.9992 -0.0287
vn 0.0158 0.9998 -0.0157
vn -0.0127 0.9962 -0.0864
vn 0.1850 0.9414 0.2821
vn -0.0079 0.9999 0.0071
vn -0.0195 0.9997 -0.0118
vn -0.0271 0.9995 0.0157
vn -0.0065 1.0000 -0.0007
vn 0.0133 0.9994 0.0308
vn 0.0570 0.9981 -0.0238
vn -0.1329 0.9911 -0.0051
vn -0.2187 0.9752 -0.0343
vn -0.0114 0.9893 0.1455
vn 0.0853 0.9404 -0.3292
vn 0.0180 0.9189 -0.3940
vn -0.0002 1.0000 -0.0053
vn -0.0279 0.9899 -0.1393
vn 0.2535 0.9527 -0.1676
vn 0.1764 0.9545 -0.2404
vn 0.3099 0.9402 -0.1415
vn 0.2147 0.9388 -0.2693
vn -0.0081 1.0000 0.0047
vn -0.0000 1.0000 -0.0012
vn 0.0001 1.0000 -0.0018
vn -0.1060 0.8966 0.4300
vn 0.0812 0.9967 -0.0010
vn -0.0036 0.9411 0.3380
vn -0.0701 0.9975 0.0022
vn 0.0052 1.0000 -0.0045
vn 0.0047 1.0000 0.0031
vn 0.0116 0.9999 0.0073
vn -0.0002 1.0000 -0.0022
vn -0.0007 1.0000 -0.0004
vn -0.0026 1.0000 0.0015
vn -0.0000 1.0000 0.0028
vn 0.0176 0.9998 0.0119
vn -0.0008 1.0000 -0.0005
vn 0.0038 1.0000 0.0022
vn 0.0741 0.9894 0.1252
vn 0.0345 0.9992 0.0196
s 1
f 488/1/1 59/2/2 60/3/3
f 309/4/4 311/5/5 305/6/6
f 590/7/7 19/8/8 125/9/9
f 607/10/10 250/11/11 602/12/12
f 508/13/13 192/14/14 193/15/15
f 475/16/16 480/17/17 481/18/18
f 597/19/19 213/20/20 212/21/21
f 595/22/22 594/23/23 600/24/24
f 609/25/25 613/26/26 612/27/27
f 469/28/28 468/29/29 474/30/30
f 128/31/31 188/32/32 20/33/33
f 499/34/34 189/35/35 500/36/36
f 129/37/37 306/38/38 128/31/31
f 592/39/39 126/40/40 127/41/41
f 188/32/32 311/5/5 189/35/35
f 21/42/42 308/43/43 130/44/44
f 127/41/41 309/4/4 308/43/43
f 307/45/45 130/44/44 308/43/43
f 125/9/9 190/46/46 310/47/47
f 189/35/35 310/47/47 190/46/46
f 61/48/48 124/49/49 483/50/50
f 126/40/40 310/47/47 309/4/4
f 328/51/51 330/52/52 326/53/53
f 386/54/54 388/55/55 382/56/56
f 184/57/57 59/2/2 487/58/58
f 225/59/59 667/60/60 672/61/61
f 622/62/62 10/63/63 254/64/64
f 539/65/65 2/66/66 206/67/67
f 228/68/68 567/69/69 572/70/70
f 8/71/71 313/72/72 236/73/73
f 583/74/74 237/75/75 584/76/76
f 213/20/20 313/72/72 212/21/21
f 60/3/3 483/50/50 488/1/1
f 236/73/73 318/77/77 237/75/75
f 1/78/78 315/79/79 214/80/80
f 61/48/48 316/81/81 315/79/79
f 314/82/82 214/80/80 315/79/79
f 59/2/2 238/83/83 317/84/84
f 237/75/75 317/84/84 238/83/83
f 60/3/3 317/84/84 316/81/81
f 608/85/85 6/86/86 217/87/87
f 606/88/88 249/89/89 607/10/10
f 672/61/61 224/90/90 225/59/59
f 255/91/91 625/92/92 630/93/93
f 348/94/94 165/95/95 349/96/96
f 319/97/97 322/98/98 323/99/99
f 563/100/100 565/101/101 559/102/102
f 249/89/89 320/103/103 250/11/11
f 24/104/104 322/98/98 248/105/105
f 226/106/106 323/99/99 322/98/98
f 321/107/107 248/105/105 322/98/98
f 225/59/59 324/108/108 323/99/99
f 290/109/109 164/110/110 348/94/94
f 340/111/111 343/112/112 344/113/113
f 704/114/114 33/115/115 304/116/116
f 589/117/117 137/118/118 590/7/7
f 649/119/119 131/120/120 132/121/121
f 239/122/122 139/123/123 588/124/124
f 166/125/125 301/126/126 350/127/127
f 671/128/128 11/129/129 224/90/90
f 326/53/53 331/130/130 332/131/131
f 608/85/85 216/132/132 609/25/25
f 571/133/133 27/134/134 227/135/135
f 6/86/86 327/136/136 217/87/87
f 229/137/137 328/51/51 327/136/136
f 327/136/136 326/53/53 332/131/131
f 216/132/132 327/136/136 332/131/131
f 166/125/125 227/135/135 27/134/134
f 704/114/114 703/138/138 709/139/139
f 165/95/95 329/140/140 166/125/125
f 228/68/68 329/140/140 328/51/51
f 12/141/141 331/130/130 164/110/110
f 350/127/127 165/95/95 166/125/125
f 215/142/142 332/131/131 331/130/130
f 354/143/143 357/144/144 358/145/145
f 330/52/52 164/110/110 331/130/130
f 109/146/146 278/147/147 685/148/148
f 661/149/149 274/150/150 273/151/151
f 347/152/152 352/153/153 353/154/154
f 428/155/155 140/156/156 429/157/157
f 433/158/158 436/159/159 437/160/160
f 671/128/128 120/161/161 119/162/162
f 618/163/163 105/164/164 619/165/165
f 349/96/96 351/166/166 347/152/152
f 430/167/167 89/168/168 90/169/169
f 137/118/118 191/170/170 19/8/8
f 507/171/171 191/170/170 192/14/14
f 138/172/172 334/173/173 137/118/118
f 650/174/174 132/121/121 133/175/175
f 192/14/14 334/173/173 339/176/176
f 22/177/177 336/178/178 139/123/123
f 133/175/175 337/179/179 336/178/178
f 335/180/180 139/123/123 336/178/178
f 1/78/78 595/22/22 134/181/181
f 14/182/182 338/183/183 131/120/120
f 193/15/15 339/176/176 338/183/183
f 669/184/184 30/185/185 121/186/186
f 337/179/179 131/120/120 338/183/183
f 550/187/187 23/188/188 247/189/189
f 668/190/190 672/61/61 667/60/60
f 526/191/191 112/192/192 111/193/193
f 698/194/194 299/195/195 300/196/196
f 11/129/129 341/197/197 221/198/198
f 548/199/199 222/200/200 549/201/201
f 120/161/161 341/197/197 119/162/162
f 662/202/202 273/151/151 272/203/203
f 221/198/198 346/204/204 222/200/200
f 30/185/185 343/112/112 121/186/186
f 272/203/203 344/113/113 343/112/112
f 342/205/205 121/186/186 343/112/112
f 223/206/206 274/150/150 23/188/188
f 602/12/12 601/207/207 607/10/10
f 222/200/200 345/208/208 223/206/206
f 470/209/209 128/31/31 471/210/210
f 549/201/201 223/206/206 550/187/187
f 273/151/151 345/208/208 344/113/113
f 673/211/211 678/212/212 679/213/213
f 361/214/214 364/215/215 365/216/216
f 641/217/217 31/218/218 281/219/219
f 685/148/148 108/220/220 109/146/146
f 591/221/221 125/9/9 126/40/40
f 506/222/222 19/8/8 191/170/170
f 512/223/223 516/224/224 511/225/225
f 291/226/226 348/94/94 353/154/154
f 324/108/108 48/227/227 325/228/228
f 300/196/196 350/127/127 301/126/126
f 33/115/115 352/153/153 299/195/195
f 292/229/229 353/154/154 352/153/153
f 354/143/143 359/230/230 360/231/231
f 291/226/226 704/114/114 709/139/139
f 5/232/232 574/233/233 176/234/234
f 351/166/166 299/195/195 352/153/153
f 600/24/24 134/181/181 595/22/22
f 525/235/235 524/236/236 530/237/237
f 527/238/238 201/239/239 528/240/240
f 155/241/241 293/242/242 693/243/243
f 695/244/244 26/245/245 157/246/246
f 646/247/247 81/248/248 647/249/249
f 693/243/243 156/250/250 155/241/241
f 608/85/85 612/27/27 611/251/251
f 163/252/252 283/253/253 674/254/254
f 527/238/238 111/193/193 110/255/255
f 679/213/213 161/256/256 162/257/257
f 517/258/258 520/259/259 521/260/260
f 12/141/141 708/261/261 160/262/262
f 684/263/263 107/264/264 108/220/220
f 514/265/265 194/266/266 195/267/267
f 109/146/146 194/266/266 16/268/268
f 109/146/146 356/269/269 355/270/270
f 194/266/266 360/231/231 195/267/267
f 107/264/264 110/255/255 357/144/144
f 541/271/271 207/272/272 208/273/273
f 110/255/255 358/145/145 357/144/144
f 683/274/274 18/275/275 107/264/264
f 542/276/276 544/277/277 538/278/278
f 108/220/220 357/144/144 356/269/269
f 112/192/192 196/279/279 359/230/230
f 195/267/267 359/230/230 196/279/279
f 511/225/225 102/280/280 512/223/223
f 368/281/281 371/282/282 372/283/283
f 416/284/284 418/285/285 412/286/286
f 111/193/193 359/230/230 358/145/145
f 413/287/287 412/286/286 418/285/285
f 410/288/288 243/289/289 411/290/290
f 513/291/291 16/268/268 194/266/266
f 670/292/292 121/186/186 120/161/161
f 528/240/240 202/293/293 529/294/294
f 405/295/295 410/288/288 411/290/290
f 667/60/60 276/296/296 668/190/190
f 275/297/297 148/298/298 557/299/299
f 703/138/138 708/261/261 709/139/139
f 348/94/94 347/152/152 353/154/154
f 278/147/147 161/256/256 678/212/212
f 114/300/300 413/287/287 418/285/285
f 7/301/301 362/302/302 101/303/303
f 155/241/241 363/304/304 362/302/302
f 162/257/257 674/254/254 679/213/213
f 634/305/305 87/306/306 88/307/307
f 101/303/303 367/308/308 102/280/280
f 157/246/246 163/252/252 364/215/215
f 162/257/257 364/215/215 163/252/252
f 609/25/25 215/142/142 610/309/309
f 156/250/250 364/215/215 363/304/304
f 103/310/310 161/256/256 16/268/268
f 619/165/165 104/311/311 620/312/312
f 102/280/280 366/313/313 103/310/310
f 512/223/223 103/310/310 513/291/291
f 162/257/257 366/313/313 365/216/216
f 151/314/314 152/315/315 441/316/316
f 605/317/317 67/318/318 66/319/319
f 362/302/302 361/214/214 367/308/308
f 441/316/316 440/320/320 446/321/321
f 443/322/322 153/323/323 154/324/324
f 632/325/325 631/326/326 637/327/327
f 411/290/290 242/328/328 406/329/329
f 636/330/330 261/331/331 637/327/327
f 62/332/332 274/150/150 660/333/333
f 445/334/334 150/335/335 446/321/321
f 149/336/336 202/293/293 369/337/337
f 201/239/239 369/337/337 202/293/293
f 370/338/338 374/339/339 369/337/337
f 150/335/335 369/337/337 374/339/339
f 200/340/340 242/328/328 371/282/282
f 256/341/341 106/342/342 618/163/163
f 243/289/289 371/282/282 242/328/328
f 370/338/338 200/340/340 371/282/282
f 151/314/314 244/343/343 25/344/344
f 151/314/314 374/339/339 373/345/345
f 446/321/321 151/314/314 441/316/316
f 372/283/283 244/343/343 373/345/345
f 206/67/67 68/346/346 536/347/347
f 146/348/348 205/349/349 553/350/350
f 389/351/351 392/352/352 393/353/353
f 676/354/354 282/355/355 281/219/219
f 235/356/356 178/357/357 578/358/358
f 383/359/359 382/56/56 388/55/55
f 63/360/360 660/333/333 665/361/361
f 647/249/249 651/362/362 646/247/247
f 650/174/174 267/363/363 651/362/362
f 182/364/364 170/365/365 476/366/366
f 379/367/367 381/368/368 375/369/369
f 557/299/299 147/370/370 558/371/371
f 24/104/104 376/372/372 148/298/298
f 154/324/324 377/373/373 376/372/372
f 376/372/372 375/369/369 381/368/368
f 384/374/374 386/54/54 382/56/56
f 148/298/298 381/368/368 147/370/370
f 152/315/315 260/375/375 378/376/376
f 261/331/331 378/376/376 260/375/375
f 153/323/323 378/376/376 377/373/373
f 492/377/377 78/378/378 77/379/379
f 146/348/348 262/380/380 3/381/381
f 637/327/327 260/375/375 632/325/325
f 147/370/370 380/382/382 146/348/348
f 261/331/331 380/382/382 379/367/367
f 658/383/383 271/384/384 270/385/385
f 145/386/386 176/234/234 438/387/387
f 438/387/387 144/388/388 145/386/386
f 653/389/389 652/390/390 658/383/383
f 701/391/391 15/392/392 94/393/393
f 539/65/65 538/278/278 544/277/277
f 23/188/188 383/359/359 142/394/394
f 427/395/395 141/396/396 428/155/155
f 62/332/332 384/374/374 383/359/359
f 142/394/394 388/55/55 141/396/396
f 64/397/397 266/398/398 385/399/399
f 267/363/363 385/399/399 266/398/398
f 63/360/360 385/399/399 384/374/374
f 140/156/156 268/400/400 22/177/177
f 267/363/363 646/247/247 651/362/362
f 141/396/396 387/401/401 140/156/156
f 444/402/402 446/321/321 440/320/320
f 267/363/363 387/401/401 386/54/54
f 113/403/403 284/404/404 413/287/287
f 95/405/405 167/406/406 462/407/407
f 454/408/408 459/409/409 460/410/410
f 666/411/411 671/128/128 672/61/61
f 365/216/216 367/308/308 361/214/214
f 96/412/412 462/407/407 467/413/413
f 99/414/414 455/415/415 460/410/410
f 702/416/416 92/417/417 697/418/418
f 400/419/419 404/420/420 403/421/421
f 397/422/422 401/423/423 400/419/419
f 466/424/424 96/412/412 467/413/413
f 5/232/232 390/425/425 97/426/426
f 556/427/427 558/371/371 552/428/428
f 144/388/388 390/425/425 145/386/386
f 579/429/429 176/234/234 574/233/233
f 97/426/426 395/430/430 96/412/412
f 564/431/431 54/432/432 53/433/433
f 28/434/434 392/352/352 143/435/435
f 269/436/436 393/353/353 392/352/352
f 436/159/159 28/434/434 143/435/435
f 391/437/437 143/435/435 392/352/352
f 95/405/405 271/384/384 15/392/392
f 270/385/385 653/389/389 658/383/383
f 96/412/412 394/438/438 95/405/405
f 270/385/385 394/438/438 393/353/353
f 661/149/149 665/361/361 660/333/333
f 459/409/409 99/414/414 460/410/410
f 390/425/425 389/351/351 395/430/430
f 393/353/353 395/430/430 389/351/351
f 682/439/439 284/404/404 683/274/274
f 479/440/440 181/441/441 480/17/17
f 643/442/442 264/443/443 644/444/444
f 212/21/21 245/445/445 597/19/19
f 312/446/446 315/79/79 316/81/81
f 471/210/210 20/33/33 173/447/447
f 94/393/393 100/448/448 396/449/449
f 694/450/450 157/246/246 156/250/250
f 99/414/414 396/449/449 100/448/448
f 706/451/451 303/452/452 302/453/453
f 396/449/449 400/419/419 399/454/454
f 99/414/414 398/455/455 397/422/422
f 399/454/454 403/421/421 402/456/456
f 98/457/457 287/458/458 398/455/455
f 705/459/459 304/116/116 303/452/452
f 288/460/460 398/455/455 287/458/458
f 289/461/461 401/423/423 288/460/460
f 32/462/462 404/420/420 289/461/461
f 699/463/463 300/196/196 301/126/126
f 407/464/464 409/465/465 405/295/295
f 533/466/466 537/467/467 532/468/468
f 302/453/453 403/421/421 404/420/420
f 303/452/452 402/456/456 403/421/421
f 304/116/116 92/417/417 402/456/456
f 93/469/469 402/456/456 92/417/417
f 490/470/470 489/471/471 495/472/472
f 93/469/469 396/449/449 399/454/454
f 455/415/415 454/408/408 460/410/410
f 465/473/473 467/413/413 461/474/474
f 419/475/475 422/476/476 423/477/477
f 521/260/260 197/478/478 198/479/479
f 417/480/480 114/300/300 418/285/285
f 620/312/312 4/481/481 211/482/482
f 640/483/483 71/484/484 641/217/217
f 412/286/286 415/485/485 416/284/284
f 431/486/486 90/169/169 91/487/487
f 242/328/328 113/403/403 406/329/329
f 113/403/403 407/464/464 406/329/329
f 115/488/488 199/489/489 408/490/490
f 198/479/479 408/490/490 199/489/489
f 114/300/300 408/490/490 407/464/464
f 423/477/477 425/491/491 419/475/475
f 197/478/478 244/343/343 410/288/288
f 198/479/479 410/288/288 409/465/465
f 593/492/492 241/493/493 240/494/494
f 639/495/495 72/496/496 640/483/483
f 491/497/497 79/498/498 78/378/378
f 507/171/171 509/499/499 503/500/500
f 420/501/501 419/475/475 425/491/491
f 65/502/502 248/105/105 606/88/88
f 589/117/117 593/492/492 588/124/124
f 499/34/34 75/503/503 74/504/504
f 599/505/505 135/506/506 600/24/24
f 263/507/507 73/508/508 639/495/495
f 285/509/509 413/287/287 284/404/404
f 645/510/510 650/174/174 651/362/362
f 71/484/484 286/511/511 31/218/218
f 681/512/512 285/509/509 682/439/439
f 71/484/484 416/284/284 415/485/485
f 696/513/513 701/391/391 702/416/416
f 414/514/514 286/511/511 415/485/485
f 73/508/508 115/488/488 417/480/480
f 72/496/496 417/480/480 416/284/284
f 485/515/515 21/42/42 182/364/364
f 430/167/167 432/516/516 426/517/517
f 247/189/189 136/518/518 599/505/505
f 406/329/329 405/295/295 411/290/290
f 500/36/36 190/46/46 501/519/519
f 483/50/50 123/520/520 484/521/521
f 91/487/487 124/49/49 1/78/78
f 91/487/487 421/522/522 420/501/501
f 124/49/49 425/491/491 123/520/520
f 89/168/168 239/122/122 422/476/476
f 239/122/122 423/477/477 422/476/476
f 429/157/157 22/177/177 89/168/168
f 90/169/169 422/476/476 421/522/522
f 122/523/523 241/493/493 21/42/42
f 240/494/494 588/124/124 593/492/492
f 123/520/520 424/524/524 122/523/523
f 240/494/494 424/524/524 423/477/477
f 437/160/160 439/525/525 433/158/158
f 136/518/518 142/394/394 427/395/395
f 136/518/518 432/516/516 135/506/506
f 601/207/207 604/526/526 605/317/317
f 558/371/371 146/348/348 553/350/350
f 135/506/506 431/486/486 134/181/181
f 578/358/358 177/527/527 579/429/429
f 688/528/528 296/529/529 297/530/530
f 447/531/531 450/532/532 451/533/533
f 478/534/534 180/535/535 479/440/440
f 178/357/357 181/441/441 434/536/536
f 180/535/535 434/536/536 181/441/441
f 487/58/58 183/537/537 184/57/57
f 178/357/357 439/525/525 177/527/527
f 435/538/538 179/539/539 436/159/159
f 177/527/527 438/387/387 176/234/234
f 77/379/379 185/540/540 492/377/377
f 154/324/324 65/502/502 443/322/322
f 610/309/309 12/141/141 52/541/541
f 65/502/502 444/402/402 443/322/322
f 67/318/318 149/336/336 445/334/334
f 537/467/467 68/346/346 69/542/542
f 66/319/319 445/334/334 444/402/402
f 316/81/81 318/77/77 312/446/446
f 583/74/74 42/543/543 43/544/544
f 616/545/545 34/546/546 295/547/547
f 377/373/373 379/367/367 375/369/369
f 697/418/418 696/513/513 702/416/416
f 498/548/548 500/36/36 496/549/549
f 468/29/29 471/210/210 472/550/550
f 700/551/551 167/406/406 701/391/391
f 302/453/453 158/552/552 706/451/451
f 451/533/533 453/553/553 447/531/531
f 610/309/309 51/554/554 613/26/26
f 52/541/541 160/262/262 448/555/555
f 159/556/556 448/555/555 160/262/262
f 51/554/554 448/555/555 453/553/553
f 32/462/462 450/532/532 158/552/552
f 298/557/557 451/533/533 450/532/532
f 449/558/558 158/552/552 450/532/532
f 305/6/6 308/43/43 309/4/4
f 627/559/559 39/560/560 40/561/561
f 50/562/562 296/529/529 34/546/546
f 689/563/563 297/530/530 298/557/557
f 51/554/554 452/564/564 50/562/562
f 629/565/565 17/566/566 256/341/341
f 297/530/530 452/564/564 451/533/533
f 472/550/550 474/30/30 468/29/29
f 301/126/126 169/567/567 699/463/463
f 461/474/474 464/568/568 465/473/473
f 657/569/569 186/570/570 185/540/540
f 100/448/448 77/379/379 455/415/415
f 77/379/379 456/571/571 455/415/415
f 79/498/498 263/507/507 457/572/572
f 264/443/443 457/572/572 263/507/507
f 29/573/573 480/17/17 181/441/441
f 78/378/378 457/572/572 456/571/571
f 656/574/574 658/383/383 652/390/390
f 522/575/575 84/576/576 523/577/577
f 458/578/578 265/579/579 459/409/409
f 563/100/100 55/580/580 54/432/432
f 173/447/447 187/581/581 655/582/582
f 477/583/583 481/18/18 476/366/366
f 654/584/584 175/585/585 174/586/586
f 543/587/587 57/588/588 56/589/589
f 622/62/62 210/590/590 209/591/591
f 168/592/592 462/407/407 167/406/406
f 496/549/549 501/519/519 502/593/593
f 27/134/134 464/568/568 169/567/567
f 699/463/463 168/592/592 700/551/551
f 53/433/433 465/473/473 464/568/568
f 437/160/160 143/435/435 144/388/388
f 463/594/594 169/567/567 464/568/568
f 655/582/582 174/586/586 173/447/447
f 55/580/580 97/426/426 466/424/424
f 54/432/432 466/424/424 465/473/473
f 171/595/595 469/28/28 474/30/30
f 173/447/447 472/550/550 471/210/210
f 172/596/596 175/585/585 28/434/434
f 307/45/45 311/5/5 306/38/38
f 171/595/595 473/597/597 172/596/596
f 478/534/534 171/595/595 172/596/596
f 582/598/598 586/599/599 581/600/600
f 174/586/586 473/597/597 472/550/550
f 183/537/537 476/366/366 481/18/18
f 184/57/57 481/18/18 480/17/17
f 185/540/540 271/384/384 657/569/569
f 498/548/548 502/593/593 497/601/601
f 504/602/602 503/500/500 509/499/499
f 76/603/603 79/498/498 490/470/470
f 74/504/504 188/32/32 499/34/34
f 75/503/503 490/470/470 495/472/472
f 186/570/570 492/377/377 185/540/540
f 199/489/489 83/604/604 522/575/575
f 74/504/504 187/581/581 20/33/33
f 74/504/504 495/472/472 494/605/605
f 493/606/606 187/581/581 494/605/605
f 344/113/113 346/204/204 340/111/111
f 510/607/607 515/608/608 516/224/224
f 117/609/609 497/601/601 502/593/593
f 208/273/273 58/610/610 541/271/271
f 542/276/276 58/610/610 57/588/588
f 19/8/8 501/519/519 190/46/46
f 118/611/611 502/593/593 501/519/519
f 506/222/222 117/609/609 118/611/611
f 335/180/180 339/176/176 334/173/173
f 588/124/124 138/172/172 589/117/117
f 524/236/236 529/294/294 530/237/237
f 83/604/604 116/612/612 504/602/602
f 83/604/604 509/499/499 84/576/576
f 260/375/375 86/613/613 632/325/325
f 193/15/15 85/614/614 508/13/13
f 442/615/615 152/315/315 153/323/323
f 84/576/576 508/13/13 85/614/614
f 523/577/577 85/614/614 518/616/616
f 355/270/270 354/143/143 360/231/231
f 515/608/608 195/267/267 196/279/279
f 58/610/610 101/303/303 511/225/225
f 57/588/588 511/225/225 516/224/224
f 196/279/279 56/589/589 515/608/608
f 56/589/589 516/224/224 515/608/608
f 521/260/260 523/577/577 517/258/258
f 88/307/307 519/617/617 518/616/616
f 86/613/613 197/478/478 520/259/259
f 87/306/306 520/259/259 519/617/617
f 642/618/618 644/444/444 638/619/619
f 619/165/165 623/620/620 618/163/163
f 611/251/251 253/621/621 608/85/85
f 106/342/342 112/192/192 525/235/235
f 106/342/342 530/237/237 105/164/164
f 202/293/293 104/311/311 529/294/294
f 105/164/164 529/294/294 104/311/311
f 538/278/278 541/271/271 542/276/276
f 614/622/622 252/623/623 611/251/251
f 293/242/242 690/624/624 693/243/243
f 531/625/625 534/626/626 535/627/627
f 540/628/628 206/67/67 207/272/272
f 691/629/629 695/244/244 694/450/450
f 598/630/630 245/445/445 246/631/631
f 295/547/547 296/529/529 687/632/632
f 293/242/242 251/633/633 614/622/622
f 252/623/623 532/468/468 253/621/621
f 7/301/301 534/626/626 251/633/633
f 208/273/273 535/627/627 534/626/626
f 533/466/466 251/633/633 534/626/626
f 294/634/634 687/632/632 690/624/624
f 545/635/635 550/187/187 551/636/636
f 207/272/272 536/347/347 535/627/627
f 559/102/102 562/637/637 563/100/100
f 80/638/638 131/120/120 648/639/639
f 257/640/640 544/277/277 258/641/641
f 258/641/641 543/587/587 259/642/642
f 628/643/643 259/642/642 629/565/565
f 647/249/249 80/638/638 648/639/639
f 576/644/644 219/645/645 220/646/646
f 246/631/631 546/647/647 551/636/636
f 605/317/317 607/10/10 601/207/207
f 247/189/189 551/636/636 550/187/187
f 599/505/505 246/631/631 247/189/189
f 576/644/644 9/648/648 233/649/649
f 662/202/202 204/650/650 663/651/651
f 574/233/233 573/652/652 579/429/429
f 566/653/653 571/133/133 572/70/70
f 554/654/654 556/427/427 552/428/428
f 205/349/349 554/654/654 553/350/350
f 664/655/655 3/381/381 64/397/397
f 203/656/656 277/657/657 555/658/658
f 276/296/296 555/658/658 277/657/657
f 204/650/650 555/658/658 554/654/654
f 556/427/427 275/297/297 557/299/299
f 575/659/659 218/660/660 219/645/645
f 569/661/661 231/662/662 570/663/663
f 9/648/648 560/664/664 230/665/665
f 341/197/197 340/111/111 346/204/204
f 219/645/645 560/664/664 220/646/646
f 230/665/665 565/101/101 231/662/662
f 561/666/666 218/660/660 562/637/637
f 580/667/667 585/668/668 586/599/599
f 231/662/662 564/431/431 232/669/669
f 570/663/663 232/669/669 571/133/133
f 573/652/652 576/644/644 577/670/670
f 582/598/598 584/76/76 580/667/667
f 313/72/72 312/446/446 318/77/77
f 233/649/649 577/670/670 576/644/644
f 709/139/139 290/109/109 291/226/226
f 234/671/671 578/358/358 577/670/670
f 596/672/672 214/80/80 213/20/20
f 587/673/673 590/7/7 591/221/221
f 594/23/23 597/19/19 598/630/630
f 621/674/674 211/482/482 210/590/590
f 10/63/63 602/12/12 250/11/11
f 210/590/590 602/12/12 209/591/591
f 603/675/675 211/482/482 604/526/526
f 624/676/676 629/565/565 630/93/93
f 606/88/88 66/319/319 65/502/502
f 690/624/624 694/450/450 693/243/243
f 133/175/175 268/400/400 650/174/174
f 264/443/443 639/495/495 644/444/444
f 456/571/571 458/578/578 454/408/408
f 617/677/677 622/62/62 623/620/620
f 687/632/632 691/629/629 690/624/624
f 611/251/251 615/678/678 614/622/622
f 295/547/547 615/678/678 616/545/545
f 585/668/668 29/573/573 235/356/356
f 294/634/634 614/622/622 615/678/678
f 486/679/679 182/364/364 183/537/537
f 255/91/91 618/163/163 623/620/620
f 254/64/64 623/620/620 622/62/62
f 631/326/326 634/305/305 635/680/680
f 665/361/361 64/397/397 63/360/360
f 638/619/619 641/217/217 642/618/618
f 88/307/307 80/638/638 634/305/305
f 80/638/638 635/680/680 634/305/305
f 82/681/681 262/380/380 636/330/330
f 81/248/248 636/330/330 635/680/680
f 645/510/510 648/639/639 649/119/119
f 697/418/418 33/115/115 299/195/195
f 692/682/682 287/458/458 695/244/244
f 684/263/263 686/683/683 680/684/684
f 281/219/219 642/618/618 641/217/217
f 282/355/355 643/442/442 642/618/618
f 681/512/512 680/684/684 686/683/683
f 547/685/685 549/201/201 545/635/635
f 652/390/390 655/582/582 656/574/574
f 469/28/28 129/37/37 470/209/209
f 661/149/149 663/651/651 659/686/686
f 666/411/411 669/184/184 670/292/292
f 673/211/211 676/354/354 677/687/687
f 685/148/148 279/688/688 686/683/683
f 675/689/689 283/253/253 282/355/355
f 680/684/684 683/274/274 684/263/263
f 281/219/219 280/690/690 676/354/354
f 279/688/688 676/354/354 280/690/690
f 677/687/687 278/147/147 678/212/212
f 686/683/683 280/690/690 681/512/512
f 116/612/612 76/603/603 497/601/601
f 604/526/526 4/481/481 67/318/318
f 435/538/538 439/525/525 434/536/536
f 368/281/281 373/345/345 374/339/339
f 562/637/637 5/232/232 55/580/580
f 449/558/558 453/553/553 448/555/555
f 698/194/194 700/551/551 696/513/513
f 681/512/512 31/218/218 286/511/511
f 625/92/92 39/560/560 626/691/691
f 548/199/199 45/692/692 46/693/693
f 234/671/671 581/600/600 586/599/599
f 688/528/528 692/682/682 691/629/629
f 272/203/203 203/656/656 662/202/202
f 626/691/691 630/93/93 625/92/92
f 630/93/93 256/341/341 255/91/91
f 484/521/521 488/1/1 483/50/50
f 584/76/76 238/83/83 585/668/668
f 283/253/253 265/579/579 643/442/442
f 656/574/574 187/581/581 186/570/570
f 53/433/433 232/669/669 564/431/431
f 489/471/471 494/605/605 495/472/472
f 56/589/589 259/642/642 543/587/587
f 110/255/255 200/340/340 527/238/238
f 463/594/594 467/413/413 462/407/407
f 707/694/694 160/262/262 708/261/261
f 266/398/398 82/681/681 646/247/247
f 482/695/695 487/58/58 488/1/1
f 497/601/601 75/503/503 498/548/548
f 91/487/487 134/181/181 431/486/486
f 518/616/616 14/182/182 88/307/307
f 518/616/616 517/258/258 523/577/577
f 333/696/696 338/183/183 339/176/176
f 489/471/471 492/377/377 493/606/606
f 689/563/563 288/460/460 692/682/682
f 705/459/459 707/694/694 703/138/138
f 633/697/697 86/613/613 87/306/306
f 233/649/649 41/698/698 581/600/600
f 69/542/542 532/468/468 537/467/467
f 567/69/69 36/699/699 568/700/700
f 48/227/227 320/103/103 325/228/228
f 245/445/445 44/701/701 546/647/647
f 127/41/41 241/493/493 592/39/39
f 40/561/561 257/640/640 627/559/559
f 586/599/599 235/356/356 234/671/671
f 224/90/90 47/702/702 324/108/108
f 503/500/500 506/222/222 507/171/171
f 510/607/607 513/291/291 514/265/265
f 531/625/625 536/347/347 537/467/467
f 43/544/544 236/73/73 583/74/74
f 581/600/600 42/543/543 582/598/598
f 254/64/64 38/703/703 625/92/92
f 617/677/677 620/312/312 621/674/674
f 613/26/26 50/562/562 616/545/545
f 323/99/99 325/228/228 319/97/97
f 635/680/680 637/327/327 631/326/326
f 226/106/106 275/297/297 667/60/60
f 321/107/107 325/228/228 320/103/103
f 170/365/365 130/44/44 469/28/28
f 477/583/583 479/440/440 475/16/16
f 568/700/700 572/70/70 567/69/69
f 668/190/190 277/657/657 669/184/184
f 663/651/651 205/349/349 664/655/655
f 577/670/670 579/429/429 573/652/652
f 587/673/673 592/39/39 593/492/492
f 702/416/416 94/393/393 93/469/469
f 674/254/254 673/211/211 679/213/213
f 546/647/647 45/692/692 547/685/685
f 70/704/704 253/621/621 532/468/468
f 553/350/350 552/428/428 558/371/371
f 640/483/483 644/444/444 639/495/495
f 37/705/705 230/665/665 569/661/661
f 49/706/706 250/11/11 320/103/103
f 560/664/664 559/102/102 565/101/101
f 229/137/137 35/707/707 567/69/69
f 569/661/661 36/699/699 37/705/705
f 547/685/685 551/636/636 546/647/647
f 612/27/27 616/545/545 615/678/678
f 706/451/451 159/556/556 707/694/694
f 46/693/693 221/198/198 548/199/199
f 659/686/686 664/655/655 665/361/361
f 505/708/708 116/612/612 117/609/609
f 526/191/191 528/240/240 524/236/236
f 265/579/579 98/457/457 459/409/409
f 522/575/575 198/479/479 199/489/489
f 298/557/557 289/461/461 689/563/563
f 426/517/517 429/157/157 430/167/167
f 427/395/395 426/517/517 432/516/516
f 476/366/366 171/595/595 477/583/583
f 269/436/436 175/585/585 653/389/389
f 440/320/320 443/322/322 444/402/402
f 482/695/695 485/515/515 486/679/679
f 172/596/596 179/539/539 478/534/534
f 572/70/70 227/135/135 228/68/68
f 484/521/521 122/523/523 485/515/515
f 568/700/700 570/663/663 566/653/653
f 333/696/696 336/178/178 337/179/179
f 627/559/559 258/641/641 628/643/643
f 626/691/691 628/643/643 624/676/676
f 598/630/630 600/24/24 594/23/23
f 488/1/1 487/58/58 59/2/2
f 309/4/4 310/47/47 311/5/5
f 590/7/7 137/118/118 19/8/8
f 607/10/10 249/89/89 250/11/11
f 508/13/13 507/171/171 192/14/14
f 475/16/16 479/440/440 480/17/17
f 597/19/19 596/672/672 213/20/20
f 595/22/22 596/672/672 594/23/23
f 609/25/25 610/309/309 613/26/26
f 469/28/28 470/209/209 468/29/29
f 128/31/31 306/38/38 188/32/32
f 499/34/34 188/32/32 189/35/35
f 129/37/37 307/45/45 306/38/38
f 592/39/39 591/221/221 126/40/40
f 188/32/32 306/38/38 311/5/5
f 21/42/42 127/41/41 308/43/43
f 127/41/41 126/40/40 309/4/4
f 307/45/45 129/37/37 130/44/44
f 125/9/9 19/8/8 190/46/46
f 189/35/35 311/5/5 310/47/47
f 61/48/48 1/78/78 124/49/49
f 126/40/40 125/9/9 310/47/47
f 328/51/51 329/140/140 330/52/52
f 386/54/54 387/401/401 388/55/55
f 184/57/57 29/573/573 59/2/2
f 225/59/59 226/106/106 667/60/60
f 622/62/62 209/591/591 10/63/63
f 539/65/65 257/640/640 2/66/66
f 228/68/68 229/137/137 567/69/69
f 8/71/71 212/21/21 313/72/72
f 583/74/74 236/73/73 237/75/75
f 213/20/20 314/82/82 313/72/72
f 60/3/3 61/48/48 483/50/50
f 236/73/73 313/72/72 318/77/77
f 1/78/78 61/48/48 315/79/79
f 61/48/48 60/3/3 316/81/81
f 314/82/82 213/20/20 214/80/80
f 59/2/2 29/573/573 238/83/83
f 237/75/75 318/77/77 317/84/84
f 60/3/3 59/2/2 317/84/84
f 608/85/85 253/621/621 6/86/86
f 606/88/88 248/105/105 249/89/89
f 672/61/61 671/128/128 224/90/90
f 255/91/91 254/64/64 625/92/92
f 348/94/94 164/110/110 165/95/95
f 319/97/97 321/107/107 322/98/98
f 563/100/100 564/431/431 565/101/101
f 249/89/89 321/107/107 320/103/103
f 24/104/104 226/106/106 322/98/98
f 226/106/106 225/59/59 323/99/99
f 321/107/107 249/89/89 248/105/105
f 225/59/59 224/90/90 324/108/108
f 290/109/109 12/141/141 164/110/110
f 340/111/111 342/205/205 343/112/112
f 704/114/114 292/229/229 33/115/115
f 589/117/117 138/172/172 137/118/118
f 649/119/119 648/639/639 131/120/120
f 239/122/122 22/177/177 139/123/123
f 166/125/125 27/134/134 301/126/126
f 671/128/128 119/162/162 11/129/129
f 326/53/53 330/52/52 331/130/130
f 608/85/85 217/87/87 216/132/132
f 571/133/133 232/669/669 27/134/134
f 6/86/86 229/137/137 327/136/136
f 229/137/137 228/68/68 328/51/51
f 327/136/136 328/51/51 326/53/53
f 216/132/132 217/87/87 327/136/136
f 166/125/125 329/140/140 227/135/135
f 704/114/114 705/459/459 703/138/138
f 165/95/95 330/52/52 329/140/140
f 228/68/68 227/135/135 329/140/140
f 12/141/141 215/142/142 331/130/130
f 350/127/127 349/96/96 165/95/95
f 215/142/142 216/132/132 332/131/131
f 354/143/143 356/269/269 357/144/144
f 330/52/52 165/95/95 164/110/110
f 109/146/146 16/268/268 278/147/147
f 661/149/149 660/333/333 274/150/150
f 347/152/152 351/166/166 352/153/153
f 428/155/155 141/396/396 140/156/156
f 433/158/158 435/538/538 436/159/159
f 671/128/128 670/292/292 120/161/161
f 618/163/163 106/342/342 105/164/164
f 349/96/96 350/127/127 351/166/166
f 430/167/167 429/157/157 89/168/168
f 137/118/118 334/173/173 191/170/170
f 507/171/171 506/222/222 191/170/170
f 138/172/172 335/180/180 334/173/173
f 650/174/174 649/119/119 132/121/121
f 192/14/14 191/170/170 334/173/173
f 22/177/177 133/175/175 336/178/178
f 133/175/175 132/121/121 337/179/179
f 335/180/180 138/172/172 139/123/123
f 1/78/78 214/80/80 595/22/22
f 14/182/182 193/15/15 338/183/183
f 193/15/15 192/14/14 339/176/176
f 669/184/184 277/657/657 30/185/185
f 337/179/179 132/121/121 131/120/120
f 550/187/187 223/206/206 23/188/188
f 668/190/190 666/411/411 672/61/61
f 526/191/191 525/235/235 112/192/192
f 698/194/194 697/418/418 299/195/195
f 11/129/129 119/162/162 341/197/197
f 548/199/199 221/198/198 222/200/200
f 120/161/161 342/205/205 341/197/197
f 662/202/202 661/149/149 273/151/151
f 221/198/198 341/197/197 346/204/204
f 30/185/185 272/203/203 343/112/112
f 272/203/203 273/151/151 344/113/113
f 342/205/205 120/161/161 121/186/186
f 223/206/206 345/208/208 274/150/150
f 602/12/12 603/675/675 601/207/207
f 222/200/200 346/204/204 345/208/208
f 470/209/209 129/37/37 128/31/31
f 549/201/201 222/200/200 223/206/206
f 273/151/151 274/150/150 345/208/208
f 673/211/211 677/687/687 678/212/212
f 361/214/214 363/304/304 364/215/215
f 641/217/217 71/484/484 31/218/218
f 685/148/148 684/263/263 108/220/220
f 591/221/221 590/7/7 125/9/9
f 506/222/222 118/611/611 19/8/8
f 512/223/223 510/607/607 516/224/224
f 291/226/226 290/109/109 348/94/94
f 324/108/108 47/702/702 48/227/227
f 300/196/196 351/166/166 350/127/127
f 33/115/115 292/229/229 352/153/153
f 292/229/229 291/226/226 353/154/154
f 354/143/143 358/145/145 359/230/230
f 291/226/226 292/229/229 704/114/114
f 5/232/232 218/660/660 574/233/233
f 351/166/166 300/196/196 299/195/195
f 600/24/24 135/506/506 134/181/181
f 525/235/235 526/191/191 524/236/236
f 527/238/238 200/340/340 201/239/239
f 155/241/241 7/301/301 293/242/242
f 695/244/244 287/458/458 26/245/245
f 646/247/247 82/681/681 81/248/248
f 693/243/243 694/450/450 156/250/250
f 608/85/85 609/25/25 612/27/27
f 163/252/252 26/245/245 283/253/253
f 527/238/238 526/191/191 111/193/193
f 679/213/213 678/212/212 161/256/256
f 517/258/258 519/617/617 520/259/259
f 12/141/141 290/109/109 708/261/261
f 684/263/263 683/274/274 107/264/264
f 514/265/265 513/291/291 194/266/266
f 109/146/146 355/270/270 194/266/266
f 109/146/146 108/220/220 356/269/269
f 194/266/266 355/270/270 360/231/231
f 107/264/264 18/275/275 110/255/255
f 541/271/271 540/628/628 207/272/272
f 110/255/255 111/193/193 358/145/145
f 683/274/274 284/404/404 18/275/275
f 542/276/276 543/587/587 544/277/277
f 108/220/220 107/264/264 357/144/144
f 112/192/192 17/566/566 196/279/279
f 195/267/267 360/231/231 359/230/230
f 511/225/225 101/303/303 102/280/280
f 368/281/281 370/338/338 371/282/282
f 416/284/284 417/480/480 418/285/285
f 111/193/193 112/192/192 359/230/230
f 413/287/287 414/514/514 412/286/286
f 410/288/288 244/343/343 243/289/289
f 513/291/291 103/310/310 16/268/268
f 670/292/292 669/184/184 121/186/186
f 528/240/240 201/239/239 202/293/293
f 405/295/295 409/465/465 410/288/288
f 667/60/60 275/297/297 276/296/296
f 275/297/297 24/104/104 148/298/298
f 703/138/138 707/694/694 708/261/261
f 348/94/94 349/96/96 347/152/152
f 278/147/147 16/268/268 161/256/256
f 114/300/300 113/403/403 413/287/287
f 7/301/301 155/241/241 362/302/302
f 155/241/241 156/250/250 363/304/304
f 162/257/257 163/252/252 674/254/254
f 634/305/305 633/697/697 87/306/306
f 101/303/303 362/302/302 367/308/308
f 157/246/246 26/245/245 163/252/252
f 162/257/257 365/216/216 364/215/215
f 609/25/25 216/132/132 215/142/142
f 156/250/250 157/246/246 364/215/215
f 103/310/310 366/313/313 161/256/256
f 619/165/165 105/164/164 104/311/311
f 102/280/280 367/308/308 366/313/313
f 512/223/223 102/280/280 103/310/310
f 162/257/257 161/256/256 366/313/313
f 151/314/314 25/344/344 152/315/315
f 605/317/317 604/526/526 67/318/318
f 362/302/302 363/304/304 361/214/214
f 441/316/316 442/615/615 440/320/320
f 443/322/322 442/615/615 153/323/323
f 632/325/325 633/697/697 631/326/326
f 411/290/290 243/289/289 242/328/328
f 636/330/330 262/380/380 261/331/331
f 62/332/332 23/188/188 274/150/150
f 445/334/334 149/336/336 150/335/335
f 149/336/336 4/481/481 202/293/293
f 201/239/239 370/338/338 369/337/337
f 370/338/338 368/281/281 374/339/339
f 150/335/335 149/336/336 369/337/337
f 200/340/340 18/275/275 242/328/328
f 256/341/341 17/566/566 106/342/342
f 243/289/289 372/283/283 371/282/282
f 370/338/338 201/239/239 200/340/340
f 151/314/314 373/345/345 244/343/343
f 151/314/314 150/335/335 374/339/339
f 446/321/321 150/335/335 151/314/314
f 372/283/283 243/289/289 244/343/343
f 206/67/67 2/66/66 68/346/346
f 146/348/348 3/381/381 205/349/349
f 389/351/351 391/437/437 392/352/352
f 676/354/354 675/689/689 282/355/355
f 235/356/356 29/573/573 178/357/357
f 383/359/359 384/374/374 382/56/56
f 63/360/360 62/332/332 660/333/333
f 647/249/249 645/510/510 651/362/362
f 650/174/174 268/400/400 267/363/363
f 182/364/364 21/42/42 170/365/365
f 379/367/367 380/382/382 381/368/368
f 557/299/299 148/298/298 147/370/370
f 24/104/104 154/324/324 376/372/372
f 154/324/324 153/323/323 377/373/373
f 376/372/372 377/373/373 375/369/369
f 384/374/374 385/399/399 386/54/54
f 148/298/298 376/372/372 381/368/368
f 152/315/315 25/344/344 260/375/375
f 261/331/331 379/367/367 378/376/376
f 153/323/323 152/315/315 378/376/376
f 492/377/377 491/497/497 78/378/378
f 146/348/348 380/382/382 262/380/380
f 637/327/327 261/331/331 260/375/375
f 147/370/370 381/368/368 380/382/382
f 261/331/331 262/380/380 380/382/382
f 658/383/383 657/569/569 271/384/384
f 145/386/386 5/232/232 176/234/234
f 438/387/387 437/160/160 144/388/388
f 653/389/389 654/584/584 652/390/390
f 701/391/391 167/406/406 15/392/392
f 539/65/65 540/628/628 538/278/278
f 23/188/188 62/332/332 383/359/359
f 427/395/395 142/394/394 141/396/396
f 62/332/332 63/360/360 384/374/374
f 142/394/394 383/359/359 388/55/55
f 64/397/397 3/381/381 266/398/398
f 267/363/363 386/54/54 385/399/399
f 63/360/360 64/397/397 385/399/399
f 140/156/156 387/401/401 268/400/400
f 267/363/363 266/398/398 646/247/247
f 141/396/396 388/55/55 387/401/401
f 444/402/402 445/334/334 446/321/321
f 267/363/363 268/400/400 387/401/401
f 113/403/403 18/275/275 284/404/404
f 95/405/405 15/392/392 167/406/406
f 454/408/408 458/578/578 459/409/409
f 666/411/411 670/292/292 671/128/128
f 365/216/216 366/313/313 367/308/308
f 96/412/412 95/405/405 462/407/407
f 99/414/414 100/448/448 455/415/415
f 702/416/416 93/469/469 92/417/417
f 400/419/419 401/423/423 404/420/420
f 397/422/422 398/455/455 401/423/423
f 466/424/424 97/426/426 96/412/412
f 5/232/232 145/386/386 390/425/425
f 556/427/427 557/299/299 558/371/371
f 144/388/388 391/437/437 390/425/425
f 579/429/429 177/527/527 176/234/234
f 97/426/426 390/425/425 395/430/430
f 564/431/431 563/100/100 54/432/432
f 28/434/434 269/436/436 392/352/352
f 269/436/436 270/385/385 393/353/353
f 436/159/159 179/539/539 28/434/434
f 391/437/437 144/388/388 143/435/435
f 95/405/405 394/438/438 271/384/384
f 270/385/385 269/436/436 653/389/389
f 96/412/412 395/430/430 394/438/438
f 270/385/385 271/384/384 394/438/438
f 661/149/149 659/686/686 665/361/361
f 459/409/409 98/457/457 99/414/414
f 390/425/425 391/437/437 389/351/351
f 393/353/353 394/438/438 395/430/430
f 682/439/439 285/509/509 284/404/404
f 479/440/440 180/535/535 181/441/441
f 643/442/442 265/579/579 264/443/443
f 212/21/21 8/71/71 245/445/445
f 312/446/446 314/82/82 315/79/79
f 471/210/210 128/31/31 20/33/33
f 94/393/393 15/392/392 100/448/448
f 694/450/450 695/244/244 157/246/246
f 99/414/414 397/422/422 396/449/449
f 706/451/451 705/459/459 303/452/452
f 396/449/449 397/422/422 400/419/419
f 99/414/414 98/457/457 398/455/455
f 399/454/454 400/419/419 403/421/421
f 98/457/457 26/245/245 287/458/458
f 705/459/459 704/114/114 304/116/116
f 288/460/460 401/423/423 398/455/455
f 289/461/461 404/420/420 401/423/423
f 32/462/462 302/453/453 404/420/420
f 699/463/463 698/194/194 300/196/196
f 407/464/464 408/490/490 409/465/465
f 533/466/466 531/625/625 537/467/467
f 302/453/453 303/452/452 403/421/421
f 303/452/452 304/116/116 402/456/456
f 304/116/116 33/115/115 92/417/417
f 93/469/469 399/454/454 402/456/456
f 490/470/470 491/497/497 489/471/471
f 93/469/469 94/393/393 396/449/449
f 455/415/415 456/571/571 454/408/408
f 465/473/473 466/424/424 467/413/413
f 419/475/475 421/522/522 422/476/476
f 521/260/260 520/259/259 197/478/478
f 417/480/480 115/488/488 114/300/300
f 620/312/312 104/311/311 4/481/481
f 640/483/483 72/496/496 71/484/484
f 412/286/286 414/514/514 415/485/485
f 431/486/486 430/167/167 90/169/169
f 242/328/328 18/275/275 113/403/403
f 113/403/403 114/300/300 407/464/464
f 115/488/488 13/709/709 199/489/489
f 198/479/479 409/465/465 408/490/490
f 114/300/300 115/488/488 408/490/490
f 423/477/477 424/524/524 425/491/491
f 197/478/478 25/344/344 244/343/343
f 198/479/479 197/478/478 410/288/288
f 593/492/492 592/39/39 241/493/493
f 639/495/495 73/508/508 72/496/496
f 491/497/497 490/470/470 79/498/498
f 507/171/171 508/13/13 509/499/499
f 420/501/501 421/522/522 419/475/475
f 65/502/502 24/104/104 248/105/105
f 589/117/117 587/673/673 593/492/492
f 499/34/34 498/548/548 75/503/503
f 599/505/505 136/518/518 135/506/506
f 263/507/507 13/709/709 73/508/508
f 285/509/509 414/514/514 413/287/287
f 645/510/510 649/119/119 650/174/174
f 71/484/484 415/485/485 286/511/511
f 681/512/512 286/511/511 285/509/509
f 71/484/484 72/496/496 416/284/284
f 696/513/513 700/551/551 701/391/391
f 414/514/514 285/509/509 286/511/511
f 73/508/508 13/709/709 115/488/488
f 72/496/496 73/508/508 417/480/480
f 485/515/515 122/523/523 21/42/42
f 430/167/167 431/486/486 432/516/516
f 247/189/189 23/188/188 136/518/518
f 406/329/329 407/464/464 405/295/295
f 500/36/36 189/35/35 190/46/46
f 483/50/50 124/49/49 123/520/520
f 91/487/487 420/501/501 124/49/49
f 91/487/487 90/169/169 421/522/522
f 124/49/49 420/501/501 425/491/491
f 89/168/168 22/177/177 239/122/122
f 239/122/122 240/494/494 423/477/477
f 429/157/157 140/156/156 22/177/177
f 90/169/169 89/168/168 422/476/476
f 122/523/523 424/524/524 241/493/493
f 240/494/494 239/122/122 588/124/124
f 123/520/520 425/491/491 424/524/524
f 240/494/494 241/493/493 424/524/524
f 437/160/160 438/387/387 439/525/525
f 136/518/518 23/188/188 142/394/394
f 136/518/518 427/395/395 432/516/516
f 601/207/207 603/675/675 604/526/526
f 558/371/371 147/370/370 146/348/348
f 135/506/506 432/516/516 431/486/486
f 578/358/358 178/357/357 177/527/527
f 688/528/528 687/632/632 296/529/529
f 447/531/531 449/558/558 450/532/532
f 478/534/534 179/539/539 180/535/535
f 178/357/357 29/573/573 181/441/441
f 180/535/535 435/538/538 434/536/536
f 487/58/58 486/679/679 183/537/537
f 178/357/357 434/536/536 439/525/525
f 435/538/538 180/535/535 179/539/539
f 177/527/527 439/525/525 438/387/387
f 77/379/379 15/392/392 185/540/540
f 154/324/324 24/104/104 65/502/502
f 610/309/309 215/142/142 12/141/141
f 65/502/502 66/319/319 444/402/402
f 67/318/318 4/481/481 149/336/336
f 537/467/467 536/347/347 68/346/346
f 66/319/319 67/318/318 445/334/334
f 316/81/81 317/84/84 318/77/77
f 583/74/74 582/598/598 42/543/543
f 616/545/545 50/562/562 34/546/546
f 377/373/373 378/376/376 379/367/367
f 697/418/418 698/194/194 696/513/513
f 498/548/548 499/34/34 500/36/36
f 468/29/29 470/209/209 471/210/210
f 700/551/551 168/592/592 167/406/406
f 302/453/453 32/462/462 158/552/552
f 451/533/533 452/564/564 453/553/553
f 610/309/309 52/541/541 51/554/554
f 52/541/541 12/141/141 160/262/262
f 159/556/556 449/558/558 448/555/555
f 51/554/554 52/541/541 448/555/555
f 32/462/462 298/557/557 450/532/532
f 298/557/557 297/530/530 451/533/533
f 449/558/558 159/556/556 158/552/552
f 305/6/6 307/45/45 308/43/43
f 627/559/559 626/691/691 39/560/560
f 50/562/562 452/564/564 296/529/529
f 689/563/563 688/528/528 297/530/530
f 51/554/554 453/553/553 452/564/564
f 629/565/565 259/642/642 17/566/566
f 297/530/530 296/529/529 452/564/564
f 472/550/550 473/597/597 474/30/30
f 301/126/126 27/134/134 169/567/567
f 461/474/474 463/594/594 464/568/568
f 657/569/569 656/574/574 186/570/570
f 100/448/448 15/392/392 77/379/379
f 77/379/379 78/378/378 456/571/571
f 79/498/498 13/709/709 263/507/507
f 264/443/443 458/578/578 457/572/572
f 29/573/573 184/57/57 480/17/17
f 78/378/378 79/498/498 457/572/572
f 656/574/574 657/569/569 658/383/383
f 522/575/575 83/604/604 84/576/576
f 458/578/578 264/443/443 265/579/579
f 563/100/100 562/637/637 55/580/580
f 173/447/447 20/33/33 187/581/581
f 477/583/583 475/16/16 481/18/18
f 654/584/584 653/389/389 175/585/585
f 543/587/587 542/276/276 57/588/588
f 622/62/62 621/674/674 210/590/590
f 168/592/592 463/594/594 462/407/407
f 496/549/549 500/36/36 501/519/519
f 27/134/134 53/433/433 464/568/568
f 699/463/463 169/567/567 168/592/592
f 53/433/433 54/432/432 465/473/473
f 437/160/160 436/159/159 143/435/435
f 463/594/594 168/592/592 169/567/567
f 655/582/582 654/584/584 174/586/586
f 55/580/580 5/232/232 97/426/426
f 54/432/432 55/580/580 466/424/424
f 171/595/595 170/365/365 469/28/28
f 173/447/447 174/586/586 472/550/550
f 172/596/596 473/597/597 175/585/585
f 307/45/45 305/6/6 311/5/5
f 171/595/595 474/30/30 473/597/597
f 478/534/534 477/583/583 171/595/595
f 582/598/598 580/667/667 586/599/599
f 174/586/586 175/585/585 473/597/597
f 183/537/537 182/364/364 476/366/366
f 184/57/57 183/537/537 481/18/18
f 185/540/540 15/392/392 271/384/384
f 498/548/548 496/549/549 502/593/593
f 504/602/602 505/708/708 503/500/500
f 76/603/603 13/709/709 79/498/498
f 74/504/504 20/33/33 188/32/32
f 75/503/503 76/603/603 490/470/470
f 186/570/570 493/606/606 492/377/377
f 199/489/489 13/709/709 83/604/604
f 74/504/504 494/605/605 187/581/581
f 74/504/504 75/503/503 495/472/472
f 493/606/606 186/570/570 187/581/581
f 344/113/113 345/208/208 346/204/204
f 510/607/607 514/265/265 515/608/608
f 117/609/609 116/612/612 497/601/601
f 208/273/273 7/301/301 58/610/610
f 542/276/276 541/271/271 58/610/610
f 19/8/8 118/611/611 501/519/519
f 118/611/611 117/609/609 502/593/593
f 506/222/222 505/708/708 117/609/609
f 335/180/180 333/696/696 339/176/176
f 588/124/124 139/123/123 138/172/172
f 524/236/236 528/240/240 529/294/294
f 83/604/604 13/709/709 116/612/612
f 83/604/604 504/602/602 509/499/499
f 260/375/375 25/344/344 86/613/613
f 193/15/15 14/182/182 85/614/614
f 442/615/615 441/316/316 152/315/315
f 84/576/576 509/499/499 508/13/13
f 523/577/577 84/576/576 85/614/614
f 355/270/270 356/269/269 354/143/143
f 515/608/608 514/265/265 195/267/267
f 58/610/610 7/301/301 101/303/303
f 57/588/588 58/610/610 511/225/225
f 196/279/279 17/566/566 56/589/589
f 56/589/589 57/588/588 516/224/224
f 521/260/260 522/575/575 523/577/577
f 88/307/307 87/306/306 519/617/617
f 86/613/613 25/344/344 197/478/478
f 87/306/306 86/613/613 520/259/259
f 642/618/618 643/442/442 644/444/444
f 619/165/165 617/677/677 623/620/620
f 611/251/251 252/623/623 253/621/621
f 106/342/342 17/566/566 112/192/192
f 106/342/342 525/235/235 530/237/237
f 202/293/293 4/481/481 104/311/311
f 105/164/164 530/237/237 529/294/294
f 538/278/278 540/628/628 541/271/271
f 614/622/622 251/633/633 252/623/623
f 293/242/242 294/634/634 690/624/624
f 531/625/625 533/466/466 534/626/626
f 540/628/628 539/65/65 206/67/67
f 691/629/629 692/682/682 695/244/244
f 598/630/630 597/19/19 245/445/445
f 295/547/547 34/546/546 296/529/529
f 293/242/242 7/301/301 251/633/633
f 252/623/623 533/466/466 532/468/468
f 7/301/301 208/273/273 534/626/626
f 208/273/273 207/272/272 535/627/627
f 533/466/466 252/623/623 251/633/633
f 294/634/634 295/547/547 687/632/632
f 545/635/635 549/201/201 550/187/187
f 207/272/272 206/67/67 536/347/347
f 559/102/102 561/666/666 562/637/637
f 80/638/638 14/182/182 131/120/120
f 257/640/640 539/65/65 544/277/277
f 258/641/641 544/277/277 543/587/587
f 628/643/643 258/641/641 259/642/642
f 647/249/249 81/248/248 80/638/638
f 576/644/644 575/659/659 219/645/645
f 246/631/631 245/445/445 546/647/647
f 605/317/317 606/88/88 607/10/10
f 247/189/189 246/631/631 551/636/636
f 599/505/505 598/630/630 246/631/631
f 576/644/644 220/646/646 9/648/648
f 662/202/202 203/656/656 204/650/650
f 574/233/233 575/659/659 573/652/652
f 566/653/653 570/663/663 571/133/133
f 554/654/654 555/658/658 556/427/427
f 205/349/349 204/650/650 554/654/654
f 664/655/655 205/349/349 3/381/381
f 203/656/656 30/185/185 277/657/657
f 276/296/296 556/427/427 555/658/658
f 204/650/650 203/656/656 555/658/658
f 556/427/427 276/296/296 275/297/297
f 575/659/659 574/233/233 218/660/660
f 569/661/661 230/665/665 231/662/662
f 9/648/648 220/646/646 560/664/664
f 341/197/197 342/205/205 340/111/111
f 219/645/645 561/666/666 560/664/664
f 230/665/665 560/664/664 565/101/101
f 561/666/666 219/645/645 218/660/660
f 580/667/667 584/76/76 585/668/668
f 231/662/662 565/101/101 564/431/431
f 570/663/663 231/662/662 232/669/669
f 573/652/652 575/659/659 576/644/644
f 582/598/598 583/74/74 584/76/76
f 313/72/72 314/82/82 312/446/446
f 233/649/649 234/671/671 577/670/670
f 709/139/139 708/261/261 290/109/109
f 234/671/671 235/356/356 578/358/358
f 596/672/672 595/22/22 214/80/80
f 587/673/673 589/117/117 590/7/7
f 594/23/23 596/672/672 597/19/19
f 621/674/674 620/312/312 211/482/482
f 10/63/63 209/591/591 602/12/12
f 210/590/590 603/675/675 602/12/12
f 603/675/675 210/590/590 211/482/482
f 624/676/676 628/643/643 629/565/565
f 606/88/88 605/317/317 66/319/319
f 690/624/624 691/629/629 694/450/450
f 133/175/175 22/177/177 268/400/400
f 264/443/443 263/507/507 639/495/495
f 456/571/571 457/572/572 458/578/578
f 617/677/677 621/674/674 622/62/62
f 687/632/632 688/528/528 691/629/629
f 611/251/251 612/27/27 615/678/678
f 295/547/547 294/634/634 615/678/678
f 585/668/668 238/83/83 29/573/573
f 294/634/634 293/242/242 614/622/622
f 486/679/679 485/515/515 182/364/364
f 255/91/91 256/341/341 618/163/163
f 254/64/64 255/91/91 623/620/620
f 631/326/326 633/697/697 634/305/305
f 665/361/361 664/655/655 64/397/397
f 638/619/619 640/483/483 641/217/217
f 88/307/307 14/182/182 80/638/638
f 80/638/638 81/248/248 635/680/680
f 82/681/681 3/381/381 262/380/380
f 81/248/248 82/681/681 636/330/330
f 645/510/510 647/249/249 648/639/639
f 697/418/418 92/417/417 33/115/115
f 692/682/682 288/460/460 287/458/458
f 684/263/263 685/148/148 686/683/683
f 281/219/219 282/355/355 642/618/618
f 282/355/355 283/253/253 643/442/442
f 681/512/512 682/439/439 680/684/684
f 547/685/685 548/199/199 549/201/201
f 652/390/390 654/584/584 655/582/582
f 469/28/28 130/44/44 129/37/37
f 661/149/149 662/202/202 663/651/651
f 666/411/411 668/190/190 669/184/184
f 673/211/211 675/689/689 676/354/354
f 685/148/148 278/147/147 279/688/688
f 675/689/689 674/254/254 283/253/253
f 680/684/684 682/439/439 683/274/274
f 281/219/219 31/218/218 280/690/690
f 279/688/688 677/687/687 676/354/354
f 677/687/687 279/688/688 278/147/147
f 686/683/683 279/688/688 280/690/690
f 116/612/612 13/709/709 76/603/603
f 604/526/526 211/482/482 4/481/481
f 435/538/538 433/158/158 439/525/525
f 368/281/281 372/283/283 373/345/345
f 562/637/637 218/660/660 5/232/232
f 449/558/558 447/531/531 453/553/553
f 698/194/194 699/463/463 700/551/551
f 681/512/512 280/690/690 31/218/218
f 625/92/92 38/703/703 39/560/560
f 548/199/199 547/685/685 45/692/692
f 234/671/671 233/649/649 581/600/600
f 688/528/528 689/563/563 692/682/682
f 272/203/203 30/185/185 203/656/656
f 626/691/691 624/676/676 630/93/93
f 630/93/93 629/565/565 256/341/341
f 484/521/521 482/695/695 488/1/1
f 584/76/76 237/75/75 238/83/83
f 283/253/253 26/245/245 265/579/579
f 656/574/574 655/582/582 187/581/581
f 53/433/433 27/134/134 232/669/669
f 489/471/471 493/606/606 494/605/605
f 56/589/589 17/566/566 259/642/642
f 110/255/255 18/275/275 200/340/340
f 463/594/594 461/474/474 467/413/413
f 707/694/694 159/556/556 160/262/262
f 266/398/398 3/381/381 82/681/681
f 482/695/695 486/679/679 487/58/58
f 497/601/601 76/603/603 75/503/503
f 91/487/487 1/78/78 134/181/181
f 518/616/616 85/614/614 14/182/182
f 518/616/616 519/617/617 517/258/258
f 333/696/696 337/179/179 338/183/183
f 489/471/471 491/497/497 492/377/377
f 689/563/563 289/461/461 288/460/460
f 705/459/459 706/451/451 707/694/694
f 633/697/697 632/325/325 86/613/613
f 233/649/649 9/648/648 41/698/698
f 69/542/542 70/704/704 532/468/468
f 567/69/69 35/707/707 36/699/699
f 48/227/227 49/706/706 320/103/103
f 245/445/445 8/71/71 44/701/701
f 127/41/41 21/42/42 241/493/493
f 40/561/561 2/66/66 257/640/640
f 586/599/599 585/668/668 235/356/356
f 224/90/90 11/129/129 47/702/702
f 503/500/500 505/708/708 506/222/222
f 510/607/607 512/223/223 513/291/291
f 531/625/625 535/627/627 536/347/347
f 43/544/544 8/71/71 236/73/73
f 581/600/600 41/698/698 42/543/543
f 254/64/64 10/63/63 38/703/703
f 617/677/677 619/165/165 620/312/312
f 613/26/26 51/554/554 50/562/562
f 323/99/99 324/108/108 325/228/228
f 635/680/680 636/330/330 637/327/327
f 226/106/106 24/104/104 275/297/297
f 321/107/107 319/97/97 325/228/228
f 170/365/365 21/42/42 130/44/44
f 477/583/583 478/534/534 479/440/440
f 568/700/700 566/653/653 572/70/70
f 668/190/190 276/296/296 277/657/657
f 663/651/651 204/650/650 205/349/349
f 577/670/670 578/358/358 579/429/429
f 587/673/673 591/221/221 592/39/39
f 702/416/416 701/391/391 94/393/393
f 674/254/254 675/689/689 673/211/211
f 546/647/647 44/701/701 45/692/692
f 70/704/704 6/86/86 253/621/621
f 553/350/350 554/654/654 552/428/428
f 640/483/483 638/619/619 644/444/444
f 37/705/705 9/648/648 230/665/665
f 49/706/706 10/63/63 250/11/11
f 560/664/664 561/666/666 559/102/102
f 229/137/137 6/86/86 35/707/707
f 569/661/661 568/700/700 36/699/699
f 547/685/685 545/635/635 551/636/636
f 612/27/27 613/26/26 616/545/545
f 706/451/451 158/552/552 159/556/556
f 46/693/693 11/129/129 221/198/198
f 659/686/686 663/651/651 664/655/655
f 505/708/708 504/602/602 116/612/612
f 526/191/191 527/238/238 528/240/240
f 265/579/579 26/245/245 98/457/457
f 522/575/575 521/260/260 198/479/479
f 298/557/557 32/462/462 289/461/461
f 426/517/517 428/155/155 429/157/157
f 427/395/395 428/155/155 426/517/517
f 476/366/366 170/365/365 171/595/595
f 269/436/436 28/434/434 175/585/585
f 440/320/320 442/615/615 443/322/322
f 482/695/695 484/521/521 485/515/515
f 172/596/596 28/434/434 179/539/539
f 572/70/70 571/133/133 227/135/135
f 484/521/521 123/520/520 122/523/523
f 568/700/700 569/661/661 570/663/663
f 333/696/696 335/180/180 336/178/178
f 627/559/559 257/640/640 258/641/641
f 626/691/691 627/559/559 628/643/643
f 598/630/630 599/505/505 600/24/24
